Poem/poet,Type,year,imagist,time,expertise,alliterationFreq,assonanceFreq,consonanceFreq,slantEndRhymeFreq,perfectEndRhymeFreq,identityEndRhymeFreq,endRhymeFreq,soundDevicesFreq,imageability,concreteness,valence,arousal,wordFreq,typeTokenRatio,wordLength,objectWords,abstractWords,emotWords,numWords
Riot Act April 29 1992 by Ai,Poet,1947,0,modern,professional,0.0317,0.3861,0.5763,0.1016,0.0169,0,0.1355,0.9942,-1.01317225,-0.323066711,0.509647511,-0.104082097,955.628169,0.563380282,4.008450704,0.047887324,0.028169014,0.014084507,355
Twenty-year Marriage by Ai,Poet,1947,0,modern,professional,0.023,0.2923,0.4769,0.119,0,0,0.119,0.7923,-0.817081732,-0.107612866,0.249859979,-0.332163852,8840.430657,0.751824818,3.810218978,0.087591241,0.01459854,0,137
To Dorothy by Marvin Bell,Poet,1937,0,modern,professional,0,0.4313,0.5588,0.0277,0.0277,0.0277,0.0833,0.9901,-0.951055733,-0.329402371,0.702500955,-0.590990149,434.7211538,0.605769231,3.788461538,0.067307692,0.019230769,0,104
To an Adolescent Weeping Willow by Marvin Bell,Poet,1937,0,modern,professional,0.0096,0.298,0.3653,0.0312,0.0208,0,0.0625,0.673,-0.75911825,-0.087650304,0.352639979,-0.523433066,205.464455,0.511848341,3.545023697,0.08056872,0.037914692,0.018957346,211
Dream Song 26: The glories of the world struck me by John Berryman,Poet,1914,0,modern,professional,0.0409,0.4016,0.4344,0.0833,0.0625,0,0.1666,0.877,-1.186275965,-0.642425383,0.533847382,0.214715131,38.921875,0.6796875,4.078125,0.015625,0.0234375,0.03125,128
Dream Song 172: Your face broods by John Berryman,Poet,1914,0,modern,professional,0.0413,0.5041,0.6528,0.0416,0.0625,0,0.1041,1.1983,-1.037063302,-0.370788658,-0.128736209,-0.043102519,254.4065041,0.756097561,4.447154472,0.016260163,0.008130081,0.040650407,123
The Fish by Elizabeth Bishop,Poet,1911,0,modern,professional,0.0344,0.3713,0.5676,0.081,0.009,0.009,0.1036,0.9734,-0.851478827,-0.196303878,0.35680151,-0.205168181,321.8359788,0.576719577,4.32010582,0.037037037,0.015873016,0.018518519,378
Warning to the Reader by Robert Bly,Poet,1926,0,modern,professional,0.0292,0.421,0.5146,0.3333,0,0,0.3333,0.9649,-1.114195436,-0.385550532,0.472694758,-0.271068686,177.2011834,0.704142012,4.313609467,0.035502959,0.029585799,0.01183432,169
The Russian by Robert Bly,Poet,1926,0,modern,professional,0.0275,0.2247,0.4587,0.0952,0.0158,0,0.1269,0.711,-0.905109639,-0.245603847,0.526936487,-0.318190354,140.4405286,0.585903084,3.726872247,0.039647577,0.004405286,0.017621145,227
A Lovely Love by Gwendolyn Brooks,Poet,1917,0,modern,professional,0.0377,0.2924,0.6037,0.2222,0.1666,0,0.3888,0.9339,-0.990356576,-0.302890512,0.726456357,-0.402869695,1069.224299,0.76635514,4.439252336,0.037383178,0.009345794,0.018691589,107
The Choir by Olga Broumas,Poet,1949,0,modern,professional,0,0.4418,0.3488,0.2666,0,0,0.2666,0.7906,-1.026703881,-0.506446738,0.646972472,-0.530910865,227.1590909,0.818181818,4.75,0,0.022727273,0.022727273,44
at the cemetery walnut grove plantation south carolina 1989 by Lucille Clifton,Poet,1936,0,modern,professional,0.0333,0.3083,0.7583,0.0707,0,0.1111,0.1919,1.1,-1.007145493,-0.252519167,0.227469721,-0.364492623,103.0330579,0.520661157,4.553719008,0.041322314,0,0.016528926,121
scar by Lucille Clifton,Poet,1936,0,modern,professional,0.0465,0.279,0.2558,0.0333,0,0.0333,0.0666,0.5813,-0.688671255,-0.074371659,0.47875727,-0.303611205,82.45454545,0.681818182,3.75,0.136363636,0.045454545,0.045454545,44
Japan by Billy Collins,Poet,1941,0,modern,professional,0.0124,0.3029,0.3112,0.0808,0,0.0404,0.1212,0.6265,-0.925708169,-0.283658148,0.544391714,-0.458813402,48.61316872,0.473251029,3.621399177,0.061728395,0.012345679,0.016460905,243
Writing in the Afterlife by Billy Collins,Poet,1941,0,modern,professional,0.0168,0.3655,0.4579,0.0937,0,0.0104,0.1041,0.8403,-1.140216939,-0.496397388,0.476073863,-0.286143929,98.9958159,0.60251046,4.292887029,0.033472803,0.012552301,0.0041841,239
The Language by Robert Creeley,Poet,1926,0,modern,professional,0.0196,0.196,0.4117,0.106,0,0.0151,0.1212,0.6274,-0.87215373,-0.414143742,0.428827556,-0.117163118,264.9807692,0.769230769,3.788461538,0.038461538,0.019230769,0.057692308,52
The Warning by Robert Creeley,Poet,1926,0,modern,professional,0,0.387,0.3225,0.1111,0,0,0.1111,0.7096,-0.905873191,-0.386352893,0.579104888,0.388998799,20.71875,0.875,3.6875,0.0625,0,0.09375,32
Adultery by James Dickey,Poet,1923,0,modern,professional,0.0368,0.3975,0.5,0.1397,0,0.0107,0.1505,0.9344,-1.027120609,-0.330333544,0.339226188,-0.050521338,266.3346939,0.628571429,4.06122449,0.036734694,0.012244898,0.008163265,245
Tomatoes by Stephen Dobyns,Poet,1941,0,modern,professional,0.0333,0.4303,0.4878,0.0877,0,0.0087,0.0964,0.9515,-0.901027194,-0.190503223,0.518046474,-0.017382729,478.7380952,0.535714286,4.035714286,0.038690476,0.017857143,0.008928571,336
Fragments by Stephen Dobyns,Poet,1941,0,modern,professional,0.0312,0.3125,0.6015,0.0238,0,0,0.0238,0.9453,-0.780496708,-0.199890051,0.707663909,-0.511016762,153.0465116,0.674418605,4.023255814,0.062015504,0.015503876,0.031007752,129
Wingfoot Lake by Rita Dove,Poet,1952,0,modern,professional,0.0338,0.3855,0.4661,0.0833,0,0.0092,0.1018,0.8855,-0.965433635,-0.333729113,0.691991156,-0.453295132,153.8065844,0.679012346,4.345679012,0.012345679,0.037037037,0.016460905,243
The Stairway by Stephen Dunn,Poet,1939,0,modern,professional,0.0297,0.3663,0.5891,0.0512,0,0,0.0512,0.9851,-1.194047174,-0.524470452,0.753909673,-0.393883263,101.9134615,0.634615385,4.360576923,0.043269231,0.024038462,0,208
The Strange People by Louise Erdrich,Poet,1954,0,modern,professional,0.0265,0.356,0.4545,0.098,0,0.0098,0.1078,0.8371,-0.888687983,-0.252324982,0.36861659,-0.076558547,163.8421053,0.612781955,4.101503759,0.022556391,0.022556391,0.018796992,266
New Vows by Louise Erdrich,Poet,1954,0,modern,professional,0.024,0.216,0.408,0.0666,0.0222,0,0.0888,0.6479,-0.906706134,-0.456882715,0.159563219,-0.190294085,141.6666667,0.761904762,4.047619048,0.023809524,0.015873016,0.023809524,126
Sexual Jealousy by Carol Frost,Poet,1948,0,modern,professional,0.0156,0.3437,0.3828,0,0,0,0.0769,0.7421,-1.052297769,-0.416595711,0.075047075,-0.020570035,358.6,0.707692308,4.315384615,0.030769231,0.023076923,0.015384615,130
The Undressing by Carol Frost,Poet,1948,0,modern,professional,0.0287,0.2733,0.8417,0.0877,0,0,0.0877,1.1438,-1.015399305,-0.198991938,0.581345975,-0.400194968,273.0567376,0.673758865,4.361702128,0.035460993,0.014184397,0,141
To Kill a Deer by Carol Frost,Poet,1948,0,modern,professional,0.0301,0.3467,0.4723,0.1527,0,0.0277,0.1805,0.8492,-0.605764921,-0.125866083,0.296027589,0.077439627,184.6915423,0.597014925,4.054726368,0.059701493,0.019900498,0.019900498,201
Nostos by Louise Gluck,Poet,1943,0,modern,professional,0.0081,0.4754,0.4508,0.1212,0,0,0.1212,0.9344,-1.082897914,-0.390204223,0.823969108,-0.497832905,402.0322581,0.717741935,4.201612903,0.048387097,0.064516129,0,124
Celestial Music by Louise Gluck,Poet,1943,0,modern,professional,0.0253,0.4084,0.5014,0.081,0,0.009,0.099,0.9352,-0.853987976,-0.380452148,0.718878445,-0.192090321,466.3223141,0.550964187,4.236914601,0.033057851,0.022038567,0.03030303,363
How Simile Works by Albert Goldbarth,Poet,1948,0,modern,professional,0.0392,0.5098,0.5294,0.0476,0,0,0.0476,1.0784,-1.062440853,-0.417239263,0.712511816,-0.244419265,216.5576923,0.701923077,4.5,0.019230769,0.028846154,0.019230769,104
The Older Child by Kimiko Hahn,Poet,1955,0,modern,professional,0.0566,0.415,0.4339,0.1111,0,0,0.1111,0.9056,-0.794993881,-0.033936525,0.389919796,0.032286124,360.8727273,0.8,4.454545455,0.036363636,0.036363636,0,55
The Porcelain Couple by Donald Hall,Poet,1928,0,modern,professional,0.0267,0.3649,0.5281,0.1452,0,0,0.1538,0.9198,-0.738910569,-0.099873173,0.616464827,-0.307934656,298.0550725,0.588405797,4.356521739,0.08115942,0.020289855,0.002898551,345
Reuben Reuben by Michael S. Harper,Poet,1938,0,modern,professional,0.0476,0.3174,0.4603,0.25,0.0277,0,0.2777,0.8253,-0.863951699,-0.15238458,0.261928828,0.260473632,128.7727273,0.833333333,3.803030303,0.015151515,0.015151515,0.015151515,66
Our Lady of the Snows by Robert Hass,Poet,1941,0,modern,professional,0.0161,0.3548,0.4919,0,0.0185,0,0.0185,0.8629,-0.95289994,-0.457628065,0.60983137,-0.416928325,362.71875,0.6953125,4.1015625,0.03125,0.0390625,0.015625,128
The Image by Robert Hass,Poet,1941,0,modern,professional,0.0116,0.4302,0.6627,0,0,0,0,1.1046,-0.894316384,-0.343025428,1.027496162,-0.359166355,193.1235955,0.561797753,4.314606742,0.02247191,0.02247191,0.02247191,89
Those Winter Sundays by Robert Hayden,Poet,1913,0,modern,professional,0.052,0.177,0.4687,0.0833,0,0,0.0833,0.6979,-0.981668174,-0.422952131,0.60182702,-0.312179032,264.11,0.76,4.19,0.03,0,0.01,100
This Night by William Heyen,Poet,1940,0,modern,professional,0.0175,0.2368,0.4912,0.0555,0.0138,0.0277,0.0972,0.7456,-0.92357008,-0.257237046,0.619094284,-0.653598909,142.0086957,0.643478261,4.217391304,0.017391304,0.017391304,0,115
Playing Dead by Andrew Hudgins,Poet,1951,0,modern,professional,0.0176,0.2294,0.3941,0.1538,0.0512,0,0.2051,0.6411,-0.761235222,-0.054175658,0.356228788,-0.362585688,115.8457143,0.645714286,3.937142857,0.017142857,0.028571429,0.005714286,175
Degrees Of Gray In Philipsburg by Richard Hugo,Poet,1923,0,modern,professional,0.0325,0.2801,0.6514,0.075,0.0083,0,0.0916,0.9641,-0.890530962,-0.238076678,0.458396245,-0.091951767,1069.594249,0.661341853,4.28115016,0.028753994,0.022364217,0.012779553,313
Absences by Donald Justice,Poet,1925,0,modern,professional,0.0181,0.3272,0.4363,0.1818,0,0,0.1818,0.7818,-0.965515122,-0.432953989,0.699464442,-0.520367756,47.625,0.616071429,4.330357143,0.0625,0.0625,0.017857143,112
Variations On A Text By Vallejo by Donald Justice,Poet,1925,0,modern,professional,0.0276,0.3979,0.5051,0.0919,0.0114,0.0114,0.1149,0.9307,-1.109593258,-0.407226802,0.652894191,-0.35672315,300.1034483,0.524137931,4.020689655,0.04137931,0.044827586,0.013793103,290
After Making Love we Hear Footsteps by Galway Kinnell,Poet,1927,0,modern,professional,0.0282,0.3841,0.418,0.0877,0,0,0.1052,0.8305,-0.967014369,-0.23267898,0.737951588,-0.254534789,381.1388889,0.7,4.305555556,0.027777778,0.016666667,0.038888889,180
Blackberry Eating by Galway Kinnell,Poet,1927,0,modern,professional,0.0322,0.4086,0.7849,0.3333,0,0,0.3333,1.2258,-0.831127586,-0.293743603,0.370543731,0.014689539,295.4361702,0.712765957,4.85106383,0.031914894,0.031914894,0.031914894,94
Thrall by Carolyn Kizer,Poet,1925,0,modern,professional,0.0154,0.3608,0.4793,0.0574,0,0.0114,0.0919,0.8556,-0.793171208,-0.175581098,0.615989445,-0.441480367,132.1794872,0.594871795,4.102564103,0.071794872,0.051282051,0.020512821,195
The Intruder by Carolyn Kizer,Poet,1925,0,modern,professional,0.0327,0.3196,0.7213,0.0476,0.0119,0,0.0714,1.0737,-0.642115367,-0.098958568,0.296253853,-0.06010489,117.26,0.716,4.52,0.052,0.004,0.024,250
Facing It by Yusef Komunyakaa,Poet,1947,0,modern,professional,0.0352,0.3588,0.5,0.0574,0,0,0.0689,0.8941,-0.524992273,0.032619832,0.585390437,-0.381681857,188.0055866,0.597765363,3.955307263,0.039106145,0.022346369,0.016759777,179
Audacity of the Lower Gods by Yusef Komunyakaa,Poet,1947,0,modern,professional,0.0425,0.3085,0.4361,0.1538,0,0,0.1538,0.7872,-0.643901212,-0.228360822,0.614626117,-0.250852901,220.12,0.86,4.42,0.05,0.02,0.01,100
Heaven as Anus by Maxine Kumin,Poet,1925,0,modern,professional,0.0594,0.3837,0.5837,0.1428,0.0793,0,0.2222,1.027,-1.210077414,-0.383804219,0.193077656,0.044604361,277.7043011,0.725806452,4.38172043,0.043010753,0.02688172,0.005376344,186
Nurture by Maxine Kumin,Poet,1925,0,modern,professional,0.0357,0.4214,0.6,0.1176,0.0196,0,0.1372,1.0571,-1.012463858,-0.329270677,0.490856995,-0.182383771,256.5390071,0.744680851,4.425531915,0.014184397,0.021276596,0.028368794,141
The Abduction by Stanley Kunitz,Poet,1905,0,modern,professional,0.0152,0.3688,0.5627,0.0797,0.0072,0,0.0942,0.9467,-1.028762731,-0.326590872,0.62686381,-0.316385847,167.655303,0.640151515,4.352272727,0.049242424,0.022727273,0.018939394,264
My Indigo by Li-Young Lee,Poet,1957,0,modern,professional,0,0.5061,0.5555,0.0769,0,0,0.1025,1.0617,-0.887646456,-0.249248174,0.57490285,-0.35563559,727.8823529,0.741176471,3.988235294,0.047058824,0.011764706,0.035294118,85
Eating Alone by Li-Young Lee,Poet,1957,0,modern,professional,0.0217,0.3586,0.5706,0.0317,0,0,0.0317,0.951,-0.715390965,-0.119197326,0.401498745,-0.34824281,185.3208556,0.668449198,3.935828877,0.053475936,0.021390374,0,187
The Mutes by Denise Levertov,Poet,1923,0,modern,professional,0.037,0.3657,0.5138,0.0427,0.0085,0,0.0683,0.9166,-1.081614929,-0.396993427,0.530076017,-0.107134372,86.56306306,0.608108108,4.018018018,0.022522523,0.022522523,0.013513514,222
Wedding-Ring by Denise Levertov,Poet,1923,0,modern,professional,0.0243,0.3821,0.4471,0.0877,0,0.0175,0.1052,0.8536,-1.118935723,-0.521694451,0.68342143,-0.313306872,398.7419355,0.733870968,4.185483871,0.056451613,0.032258065,0.016129032,124
They Feed They Lion by Philip Levine,Poet,1928,0,modern,professional,0.0242,0.4493,0.5789,0.043,0,0.0107,0.0645,1.0526,-0.927536533,-0.164331005,0.573247502,-0.153205433,261.5967742,0.512096774,4.088709677,0.072580645,0.008064516,0.008064516,248
Animals Are Passing From Our Lives by Philip Levine,Poet,1928,0,modern,professional,0.0303,0.3333,0.5606,0.1594,0.0144,0.0144,0.1884,0.9242,-0.839231688,-0.08658529,0.498832229,-0.12051708,4838.095588,0.698529412,4.257352941,0.036764706,0.036764706,0.044117647,136
To Speak of Woe That Is in Marriage by Robert Lowell,Poet,1917,0,modern,professional,0.045,0.2882,0.4954,0.1388,0.1388,0,0.2777,0.8288,-0.864516958,-0.238532757,0.419974048,0.272253996,58.04464286,0.776785714,4.267857143,0.0625,0.017857143,0.026785714,112
Onions by William Matthews,Poet,1942,0,modern,professional,0.0228,0.441,0.6692,0.0833,0,0.025,0.1333,1.133,-1.176753512,-0.313898735,0.44533828,-0.106558439,334.8656716,0.611940299,4.208955224,0.052238806,0,0.018656716,268
Charles on Fire by James Merrill,Poet,1926,0,modern,professional,0.0101,0.4494,0.6212,0.1666,0.0138,0,0.1805,1.0808,-0.9715907,-0.306559528,0.67060847,-0.329961839,154.9154229,0.731343284,4.597014925,0.029850746,0.029850746,0.004975124,201
b o d y by James Merrill,Poet,1926,0,modern,professional,0.0285,0.1857,0.5428,0,0.0833,0,0.0833,0.7571,-1.146617995,-0.372408421,0.60749199,-0.258467022,165.8194444,0.847222222,3.916666667,0,0.055555556,0.027777778,72
For the Anniversary of My Death by W.S. Merwin,Poet,1927,0,modern,professional,0.0481,0.3493,0.518,0.0303,0,0,0.0606,0.9156,-0.964171942,-0.442798952,0.788301738,-0.355911414,36.44047619,0.726190476,4.130952381,0.047619048,0.023809524,0.023809524,84
When You Go Away by W.S. Merwin,Poet,1927,0,modern,professional,0,0.4158,0.4455,0.1,0.0333,0,0.1333,0.8613,-1.102469401,-0.412830788,0.593111682,-0.65666894,250.2745098,0.68627451,3.745098039,0.039215686,0.058823529,0.009803922,102
Minor Miracle by Marilyn Nelson,Poet,1946,0,modern,professional,0.0274,0.2313,0.6078,0.0808,0,0,0.0909,0.8666,-0.748897988,-0.098600305,0.444079398,-0.328308526,197.2153846,0.634615385,4.242307692,0.042307692,0.015384615,0.007692308,260
The Small Vases from Hebron by Naomi Shihab Nye,Poet,1952,0,modern,professional,0.0107,0.3494,0.5161,0.0729,0,0.0104,0.0833,0.8763,-0.95857072,-0.199617199,0.590621585,-0.428456681,361.026738,0.700534759,4.427807487,0.042780749,0.016042781,0.016042781,187
Hello by Naomi Shihab Nye,Poet,1952,0,modern,professional,0.0301,0.3017,0.4698,0.0731,0,0,0.0731,0.8017,-0.945744176,-0.197397002,0.389733038,-0.409580745,311.0128755,0.635193133,4.081545064,0.060085837,0.008583691,0.008583691,233
Personal Poem by Frank O'Hara,Poet,1926,0,modern,professional,0.0215,0.3776,0.5,0.0937,0.0104,0,0.125,0.8992,-1.044557722,-0.457979263,0.716184709,-0.166256485,184.5644599,0.585365854,3.860627178,0.034843206,0.013937282,0.031358885,287
Why I Am Not A Painter by Frank O'Hara,Poet,1926,0,modern,professional,0.0102,0.3163,0.454,0.0864,0,0,0.1111,0.7806,-0.9463173,-0.34986035,0.912897555,-0.36170373,151.8059701,0.482587065,3.527363184,0.044776119,0.014925373,0,201
May 1968 by Sharon Olds,Poet,1942,0,modern,professional,0.0255,0.3941,0.4343,0.0952,0,0.0095,0.1142,0.854,-0.831152012,-0.149500077,0.633522168,-0.319924649,1114.079585,0.570934256,3.820069204,0.038062284,0.031141869,0.006920415,289
University Hospital Boston by Mary Oliver,Poet,1935,0,modern,professional,0.0346,0.3667,0.4532,0.1031,0.0079,0,0.1349,0.8546,-0.991320753,-0.41194202,0.365195683,-0.271805817,78.17586207,0.624137931,4.320689655,0.013793103,0.04137931,0.013793103,290
The Summer Day by Mary Oliver,Poet,1935,0,modern,professional,0.0306,0.2392,0.4171,0.1176,0,0,0.1176,0.6871,-1.03230417,-0.476602399,0.468656652,-0.22078598,177.1829268,0.585365854,3.896341463,0.030487805,0.012195122,0,164
Dearest Reader by Michael Palmer,Poet,1943,0,modern,professional,0.0571,0.4761,0.4952,0.0666,0.0222,0,0.0888,1.0285,-0.591218973,-0.009592325,0.621573487,-0.357946387,190.0566038,0.764150943,4.575471698,0.066037736,0,0.009433962,106
Aubade: Some Peaches After Storm by Carl Phillips,Poet,1959,0,modern,professional,0.0476,0.2698,0.5396,0.0606,0.0151,0.0151,0.0909,0.8571,-1.238213947,-0.582924466,0.604223738,-0.359177041,311.8984375,0.8125,4.3515625,0.0546875,0.0234375,0.0078125,128
Crossing The Water by Sylvia Plath,Poet,1932,0,modern,professional,0.0631,0.5263,0.6631,0.0333,0,0,0.0333,1.2526,-0.852004448,-0.185007613,0.379803778,-0.373121505,70.23958333,0.739583333,4.25,0.041666667,0,0.010416667,96
Power by Adrienne Rich,Poet,1929,0,modern,professional,0.0317,0.4523,0.4603,0.1333,0,0.0222,0.1777,0.9444,-0.923331947,-0.301812594,0.301239591,-0.151836721,101.4173228,0.669291339,4.307086614,0.031496063,0.023622047,0.007874016,127
Root Cellar by Theodore Roethke,Poet,1908,0,modern,professional,0.04,0.28,0.7333,0.1851,0,0,0.1851,1.0533,-0.739257051,-0.114192222,0.097329147,-0.217606002,352.7631579,0.881578947,4.657894737,0.078947368,0,0.026315789,76
The Room of My Life by Anne Sexton,Poet,1928,0,modern,professional,0.0151,0.3686,0.4898,0.0404,0,0.0101,0.0707,0.8737,-1.021650162,-0.29568616,0.656260955,-0.003863689,210.2663317,0.623115578,4.165829146,0.075376884,0.025125628,0.015075377,199
Her Kind by Anne Sexton,Poet,1928,0,modern,professional,0.0141,0.2907,0.5531,0.2631,0.1754,0,0.5263,0.8581,-0.96619286,-0.410755718,0.569580269,-0.143015711,196.4788732,0.633802817,4.309859155,0.028169014,0.028169014,0.028169014,142
Fork by Charles Simic,Poet,1938,0,modern,professional,0,0.3448,0.4482,0.1904,0,0,0.1904,0.7931,-0.978051066,-0.225120668,0.253945578,-0.019836955,160.4754098,0.770491803,3.803278689,0.098360656,0.032786885,0.016393443,61
My Noiseless Entourage by Charles Simic,Poet,1938,0,modern,professional,0.0227,0.3939,0.5227,0.0333,0,0,0.0833,0.9393,-1.003680802,-0.379765091,0.188819591,-0.211011575,72.76691729,0.766917293,4.248120301,0.022556391,0.022556391,0.015037594,133
Working Late by Louis Simpson,Poet,1923,0,modern,professional,0.018,0.3873,0.3873,0.0729,0.0208,0,0.0937,0.7927,-0.979251516,-0.29401725,0.466246671,-0.417124037,208.0840708,0.610619469,4.075221239,0.048672566,0.03539823,0.004424779,226
Cleaning a Fish by Dave Smith,Poet,1942,0,modern,professional,0.025,0.3958,0.45,0.0666,0,0,0.0666,0.8708,-0.787108556,-0.285431334,0.637697518,-0.081820832,443.4836066,0.618852459,3.991803279,0.053278689,0.012295082,0.024590164,244
Pacemaker by W.D. Snodgrass,Poet,1926,0,modern,professional,0.045,0.3513,0.6216,0.1264,0.0229,0,0.1839,1.018,-0.80455026,-0.215278179,0.254835205,-0.052049726,154.6491228,0.688596491,4.460526316,0.026315789,0.00877193,0.01754386,228
Hay for the Horses by Gary Synder,Poet,1930,0,modern,professional,0.0312,0.3046,0.6484,0.0454,0,0,0.0454,0.9843,-0.844733509,-0.174807469,0.265393707,-0.284708311,144.3257576,0.742424242,4.227272727,0.037878788,0.015151515,0.007575758,132
Oranges by Gary Soto,Poet,1952,0,modern,professional,0.0387,0.3178,0.5465,0.0987,0,0,0.0987,0.9031,-0.711196139,-0.187534504,0.683196587,-0.282750109,354.4482759,0.605363985,4.088122605,0.045977011,0.030651341,0.007662835,261
Glass-Bottom Boat by Elizabeth Spires,Poet,1952,0,modern,professional,0.022,0.3753,0.4921,0.0679,0.0123,0,0.0802,0.8895,-0.959924891,-0.353211917,0.69191024,-0.281437477,282.8238994,0.632075472,4.455974843,0.047169811,0.028301887,0.009433962,318
Gin by David St. John,Poet,1949,0,modern,professional,0.0153,0.4018,0.4417,0.0396,0,0,0.0634,0.8588,-0.838282379,-0.198728071,0.528618179,-0.380661845,405.5165165,0.621621622,4.204204204,0.066066066,0.018018018,0.006006006,333
Traveling through the Dark by William Stafford,Poet,1914,0,modern,professional,0.0445,0.2866,0.4012,0.0833,0,0,0.0833,0.7324,-0.705379096,-0.193029869,0.364283772,-0.252507849,119.5632911,0.683544304,4.107594937,0.044303797,0.006329114,0.012658228,158
Notice What This Poem Is Not Doing by William Stafford,Poet,1914,0,modern,professional,0.0175,0.4385,0.5087,0.0238,0,0,0.0714,0.9649,-1.098353808,-0.394565288,0.821072248,-0.478944495,26.75652174,0.573913043,4.043478261,0.052173913,0.008695652,0,115
The Dancing by Gerald Stern,Poet,1925,0,modern,professional,0.0335,0.3691,0.4496,0.0196,0,0.0196,0.0588,0.8523,-0.835764212,-0.222598415,0.3570323,0.074446669,910.0322581,0.677419355,4.15483871,0.038709677,0.006451613,0,155
The Prediction by Mark Strand,Poet,1934,0,modern,professional,0.0294,0.4607,0.6078,0.0666,0,0,0.0666,1.098,-0.633583539,-0.142059737,0.790288697,-0.419944986,201.6057692,0.605769231,4.163461538,0.038461538,0.028846154,0,104
The Night The Porch by Mark Strand,Poet,1934,0,modern,professional,0.0327,0.2704,0.4508,0.1481,0,0,0.1481,0.754,-1.268628634,-0.627910592,0.830168883,-0.431998132,287.8211382,0.674796748,3.894308943,0.032520325,0.056910569,0.016260163,123
Letter by Jean Valentine,Poet,1934,0,modern,professional,0.0901,0.5245,0.459,0.0666,0,0.0222,0.1111,1.0737,-0.706154702,-0.154787245,0.697695741,-0.299443695,455.483871,0.637096774,4.120967742,0.120967742,0.024193548,0.016129032,124
Year's End by Ellen Bryant Voigt,Poet,1943,0,modern,professional,0.019,0.3714,0.5857,0.1458,0,0.0104,0.1666,0.9761,-0.89745023,-0.295772568,0.378387536,-0.265594192,311.740566,0.636792453,4.132075472,0.033018868,0.028301887,0.033018868,212
In Trackless Woods by Richard Wilbur,Poet,1921,0,modern,professional,0.0093,0.2897,0.4953,0.0555,0.1388,0,0.1944,0.7943,-1.084258931,-0.504509193,0.373755634,-0.461874547,493.8073395,0.743119266,4.073394495,0.027522936,0.009174312,0.018348624,109
The Singing by C. K. Williams,Poet,1936,0,modern,professional,0.0547,0.3573,0.4812,0.0935,0,0.0058,0.0994,0.8933,-0.956065495,-0.396783579,0.695274814,-0.304879707,318.1661891,0.544412607,4.160458453,0.011461318,0.014326648,0.008595989,349
More Blues and the Abstract Truth by C.D. Write,Poet,1949,0,modern,professional,0.0329,0.3909,0.4897,0.054,0.009,0,0.063,0.9135,-0.888519012,-0.208447694,0.566405395,-0.315528654,70.50813008,0.597560976,3.906504065,0.06097561,0.024390244,0.004065041,246
Approximately Forever by C.D. Wright,Poet,1949,0,modern,professional,0.014,0.3661,0.4788,0.1388,0,0,0.1666,0.8591,-0.842319441,-0.344062324,0.81385875,0.072658668,129.75,0.819444444,4.263888889,0.013888889,0.013888889,0.013888889,72
Clear Night by Charles Wright,Poet,1935,0,modern,professional,0.033,0.2396,0.6363,0.2,0,0.0333,0.3,0.909,-0.839661783,-0.268358706,0.771776116,-0.311022158,199.7622951,0.62295082,3.836065574,0.040983607,0.016393443,0.008196721,122
Lying in a Hammock at William Duffy's Farm in Pine Island Minnesota by James Wright,Poet,1927,0,modern,professional,0.0121,0.439,0.5609,0.1212,0,0,0.1212,1.0121,-0.695614773,-0.029907002,0.844358543,-0.545529311,272,0.761904762,4.25,0.035714286,0.047619048,0.011904762,84
A Blessing by James Wright,Poet,1927,0,modern,professional,0.0116,0.2748,0.4093,0.106,0,0,0.106,0.6959,-0.837260676,-0.276007214,0.765540141,-0.303003824,463.7630058,0.682080925,4.161849711,0.028901734,0.023121387,0.028901734,173
Only but a dream,Amateur,,0,modern,amateur,0.0303,0.3068,0.4545,0.0579,0.0144,0.0144,0.0869,0.7916,-0.977767539,-0.37203654,0.717025116,-0.3829933,64.21509434,0.532075472,3.690566038,0.037735849,0.030188679,0.01509434,265
Dr. Heinz Doofenshmirtz,Amateur,,0,modern,amateur,0.041,0.2739,0.3972,0.0533,0.04,0,0.1066,0.7123,-1.01912142,-0.503443124,0.339843952,-0.129558197,149.4693878,0.659863946,3.80952381,0.020408163,0.034013605,0.020408163,147
Freedom,Amateur,,0,modern,amateur,0.0303,0.5606,0.3787,0.0476,0,0.0476,0.0952,0.9696,-1.105487927,-0.582696672,1.33473074,-0.143872514,7.179104478,0.597014925,4.179104478,0.029850746,0.104477612,0.014925373,67
The foolish man,Amateur,,0,modern,amateur,0.0291,0.2916,0.5791,0.0897,0.1538,0,0.2435,0.9,-0.903022458,-0.351478465,0.509575165,-0.457051686,1587.008032,0.526104418,3.714859438,0.072289157,0.016064257,0.032128514,249
Live for the moment,Amateur,,0,modern,amateur,0.0119,0.3452,0.488,0.074,0.0925,0,0.1666,0.8452,-1.032497663,-0.583226815,0.462201291,0.135910208,126.9411765,0.682352941,3.529411765,0.082352941,0.070588235,0.023529412,85
Eaten up,Amateur,,0,modern,amateur,0,0.4324,0.8108,0.1176,0,0.0588,0.1764,1.2432,-1.112326027,-0.443011886,0.508255979,-0.088372729,100.0909091,0.701298701,4.168831169,0.025974026,0.090909091,0.025974026,77
Gates of Goodbye,Amateur,,0,modern,amateur,0.027,0.2702,0.6283,0.1014,0.1884,0,0.3623,0.9256,-0.958416194,-0.497152702,0.612721193,-0.22078598,4203.261438,0.751633987,4.209150327,0.019607843,0.052287582,0.032679739,153
true beauty,Amateur,,0,modern,amateur,0.0202,0.5959,0.7272,0.1875,0.0833,0,0.2916,1.3434,-0.760493274,-0.638811732,1.309175119,0.346252912,85.78,0.46,4.12,0,0.18,0.01,100
A Walk in the Park,Amateur,,0,modern,amateur,0.0465,0.3837,0.5232,0.1818,0.0909,0.0303,0.303,0.9534,-0.833032287,-0.105104434,0.698846166,-0.289801782,6862.404494,0.584269663,3.685393258,0.056179775,0.078651685,0,89
The two of them,Amateur,,0,modern,amateur,0.0476,0.488,0.7023,0.0784,0.098,0,0.1764,1.238,-0.981666035,-0.30918874,0.892001914,0.153180086,100.5411765,0.705882353,4.494117647,0.011764706,0,0,85
Your life,Amateur,,0,modern,amateur,0.0328,0.4802,0.5986,0.0869,0.2608,0.0434,0.4057,1.1118,-1.289158867,-0.649093735,0.14290999,-0.173328321,279.8961039,0.668831169,4.214285714,0.025974026,0.038961039,0.012987013,154
Thing we have lost in fire,Amateur,,0,modern,amateur,0.0142,0.3285,0.6285,0.037,0.0185,0,0.0555,0.9714,-0.819296196,-0.337007724,0.507701367,-0.310113185,327.1690141,0.85915493,4.521126761,0,0.028169014,0.084507042,71
Mother Rabbit,Amateur,,0,modern,amateur,0.0206,0.3711,0.7731,0.2424,0.1818,0.0303,0.4545,1.1649,-0.918546469,-0.316699879,0.263671896,-0.08632416,362.6213592,0.689320388,4.368932039,0.058252427,0,0.029126214,103
Aurora,Amateur,,0,modern,amateur,0.0357,0.4285,0.4285,0.2222,0.0555,0,0.2777,0.8928,-0.752594098,-0.152535613,0.188665516,-0.319977603,5213.706897,0.724137931,3.568965517,0.051724138,0.034482759,0.017241379,58
Boy to a man,Amateur,,0,modern,amateur,0.0252,0.2352,0.4957,0.0416,0,0.0416,0.125,0.7563,-0.99356611,-0.33171877,0.427755805,-0.136928244,74.85,0.616666667,3.75,0.05,0.016666667,0.025,120
Goodbye poem,Amateur,,0,modern,amateur,0.0238,0.3015,0.4206,0.0416,0.125,0,0.2083,0.746,-0.701407674,-0.482258568,1.250030303,0.123921175,19.234375,0.4765625,3.65625,0.0078125,0.0234375,0.015625,128
Read me,Amateur,,0,modern,amateur,0,0.3281,0.3125,0.1111,0,0,0.1111,0.6406,-1.184319131,-0.520668036,-0.03150285,-0.055840094,175.6060606,0.696969697,3.984848485,0.015151515,0.015151515,0.060606061,66
Angel eyes,Amateur,,0,modern,amateur,0.0618,0.3402,0.6597,0.1481,0.0555,0,0.2407,1.0618,-0.822862296,-0.152782993,1.264597369,-0.071566933,377.122449,0.775510204,4.214285714,0.010204082,0.010204082,0.020408163,98
Another Chapter,Amateur,,0,modern,amateur,0.03,0.3,0.27,0.0185,0.0925,0,0.1111,0.6,-0.899832936,-0.541125461,0.777195967,0.462655451,2901.401869,0.672897196,3.672897196,0.028037383,0.065420561,0.08411215,107
Self Reserved,Amateur,,0,modern,amateur,0.0239,0.2694,0.3413,0.0444,0.1555,0.1111,0.3555,0.6347,-1.10590856,-0.50658192,0.913855076,-0.118025384,64.72254335,0.583815029,3.658959538,0.028901734,0.040462428,0.023121387,173
Yet the sun still sleeps. ,Amateur,,0,modern,amateur,0.0729,0.2846,0.6058,0.0454,0.0909,0,0.1666,0.9635,-0.729834694,-0.207338855,0.498832229,-0.03914703,220.615942,0.608695652,3.905797101,0.057971014,0.02173913,0,138
Let love be as one,Amateur,,0,modern,amateur,0.0325,0.2601,0.4308,0.1333,0,0,0.1777,0.7235,-0.855838147,-0.521526212,0.749712549,-0.423778237,97.0952381,0.587301587,3.76984127,0.015873016,0.03968254,0.071428571,126
Charlotte Emily and Anne,Amateur,,0,modern,amateur,0.045,0.3243,0.6846,0.037,0.074,0,0.1111,1.054,-1.077137826,-0.4065122,0.662517467,-0.429293751,1735.486957,0.713043478,4.295652174,0.008695652,0.026086957,0.017391304,115
Cappuccino,Amateur,,0,modern,amateur,0.0093,0.291,0.4788,0.0588,0.0098,0,0.0882,0.7793,-0.808360154,-0.274443778,0.786011169,-0.334903344,1499.018018,0.621621622,4.288288288,0.045045045,0.031531532,0.027027027,222
Pleasure trip,Amateur,,0,modern,amateur,0.0661,0.3636,0.6859,0.1428,0.0476,0,0.1904,1.1157,-1.094633826,-0.341844595,0.237675287,-0.244159559,458.4471545,0.691056911,4.731707317,0.016260163,0.024390244,0.016260163,123
I thought I knew,Amateur,,0,modern,amateur,0.0218,0.3005,0.3333,0.0588,0.0392,0,0.1764,0.6557,-0.929490514,-0.55447101,0.545445486,-0.158371989,252.1630435,0.614130435,3.913043478,0.032608696,0.070652174,0.016304348,184
Where is our fate formed?,Amateur,,0,modern,amateur,0.0109,0.3846,0.5604,0.0333,0.1,0,0.1333,0.956,-0.944770103,-0.276710335,0.937492048,-0.312474153,3428.053763,0.666666667,4.086021505,0.043010753,0.021505376,0,93
Sometimes,Amateur,,0,modern,amateur,0.0406,0.3536,0.5162,0.0333,0,0,0.0333,0.9105,-0.896096229,-0.366956023,0.698765351,-0.184885324,49.37751004,0.481927711,4.088353414,0.020080321,0.036144578,0.024096386,249
Life,Amateur,,0,modern,amateur,0.0405,0.2342,0.6261,0.1818,0.2424,0.0101,0.4444,0.9009,-1.170946498,-0.520205973,0.277906948,0.069451687,252.7633929,0.59375,4.084821429,0.035714286,0.022321429,0.044642857,224
You can cry,Amateur,,0,modern,amateur,0.015,0.2932,0.4661,0.1111,0.2222,0,0.3333,0.7744,-1.031662752,-0.396944051,-0.234649802,0.106808377,2470.065217,0.601449275,3.630434783,0.036231884,0,0.028985507,138
Breaking heart,Amateur,,0,modern,amateur,0.0191,0.1783,0.4585,0.1212,0.1666,0,0.2878,0.656,-0.924171126,-0.39251219,0.316532317,0.278239912,97.59493671,0.639240506,3.860759494,0.037974684,0.006329114,0.050632911,158
And a Merry Christmas to You,Amateur,,0,modern,amateur,0.03,0.4248,0.4034,0.2391,0.0724,0.0217,0.3405,0.8583,-0.860712816,-0.694949645,0.532160284,0.054207383,436.3811475,0.25,3.745901639,0.024590164,0.102459016,0.024590164,244
Everybody likes my clock,Amateur,,0,modern,amateur,0.0353,0.3893,0.646,0.0925,0.1111,0,0.2037,1.0707,-1.085544971,-0.283048982,0.437899431,-0.339711132,410.7438017,0.603305785,3.991735537,0.082644628,0.033057851,0.016528926,121
I nearly fell,Amateur,,0,modern,amateur,0.0242,0.3636,0.5272,0.2,0.1066,0.12,0.4266,0.9151,-0.736011986,-0.346047457,0.734748379,-0.081606947,5426.758621,0.568965517,3.701149425,0.034482759,0.005747126,0.017241379,174
Denial,Amateur,,0,modern,amateur,0.0441,0.2647,0.3676,0.1111,0,0,0.1111,0.6764,-1.092879502,-0.611965778,0.70521272,0.024450663,32.43661972,0.718309859,4.197183099,0.014084507,0.056338028,0.028169014,71
Winter silence,Amateur,,0,modern,amateur,0.05,0.5,0.4,0.0833,0.0833,0,0.1666,0.95,-0.892203139,-0.25183952,0.924120229,0.280471026,23.23809524,0.761904762,4.19047619,0.047619048,0,0,21
Demons and scars,Amateur,,0,modern,amateur,0.0144,0.3285,0.4637,0.0769,0.0384,0,0.1666,0.8067,-0.964939208,-0.593659065,0.259423168,-0.253044174,2925.728571,0.552380952,3.780952381,0.023809524,0.019047619,0.023809524,210
The first time I saw you. ,Amateur,,0,modern,amateur,0.0169,0.2655,0.4632,0.0303,0.106,0,0.1515,0.7457,-0.960459123,-0.529863696,0.935357679,-0.048231299,173.1620112,0.625698324,4.083798883,0.022346369,0.044692737,0.022346369,179
Sister,Amateur,,0,modern,amateur,0.0304,0.2134,0.4695,0.0476,0.0952,0.0158,0.1746,0.7134,-0.76118991,-0.272622129,0.922987235,-0.260016406,72.03012048,0.560240964,3.795180723,0.060240964,0.048192771,0.024096386,166
For Thee,Amateur,,0,modern,amateur,0,0.2741,0.3548,0.1666,0.0333,0.0333,0.2333,0.629,-1.045149228,-0.618428742,1.331736599,0.162965675,259.984375,0.640625,3.71875,0,0,0.0625,64
Precious Lord,Amateur,,0,modern,amateur,0.0561,0.2471,0.7752,0.1666,0.0666,0,0.2333,1.0786,-0.729001905,-0.259071125,0.773743293,0.094969811,136.7222222,0.677777778,3.811111111,0.022222222,0.033333333,0.022222222,90
Love is like,Amateur,,0,modern,amateur,0.0582,0.398,0.3786,0.119,0.0952,0,0.238,0.8349,-0.89273922,-0.308323337,1.005505642,-0.047976039,15.81730769,0.644230769,3.730769231,0,0.038461538,0.038461538,104
Life2,Amateur,,0,modern,amateur,0.038,0.1619,0.5142,0.0757,0.0454,0,0.1515,0.7142,-1.117449592,-0.55375672,0.714388966,0.207874,257.6037736,0.632075472,3.735849057,0.028301887,0.018867925,0.028301887,106
To Be Young And Naive,Amateur,,0,modern,amateur,0.0304,0.2775,0.5323,0.0256,0.1666,0,0.1923,0.8403,-1.115182554,-0.487212576,0.481476122,-0.248776323,5683.413284,0.512915129,3.981549816,0.051660517,0.040590406,0.011070111,271
Why I love You,Amateur,,0,modern,amateur,0.0121,0.25,0.3109,0.0769,0.0256,0.0256,0.1538,0.5731,-0.93691765,-0.424630537,1.233749849,0.036968252,355.3652695,0.491017964,3.311377246,0.005988024,0,0.071856287,167
First Love,Amateur,,0,modern,amateur,0.0403,0.2017,0.4149,0.0854,0.0512,0.0085,0.1538,0.657,-0.90780399,-0.32175738,0.587830705,-0.070564983,123.7790368,0.422096317,3.560906516,0.016997167,0.016997167,0.050991501,353
Miss You,Amateur,,0,modern,amateur,0.0333,0.2,0.3555,0.0512,0,0,0.0512,0.5888,-1.11230828,-0.516335289,1.177681528,-0.544923828,60.24175824,0.615384615,3.791208791,0.021978022,0.054945055,0.010989011,91
THE END HAD COME,Amateur,,0,modern,amateur,0.0107,0.215,0.301,0,0.2333,0,0.2333,0.5268,-1.149655785,-0.591283051,0.3101537,-0.171288297,77.28723404,0.734042553,3.712765957,0.031914894,0.063829787,0,94
BABY OF POVERTY,Amateur,,0,modern,amateur,0.0412,0.3814,0.4123,0.1296,0,0.0555,0.1851,0.835,-0.975742346,-0.450451578,0.593111682,0.549354101,137.97,0.65,4.38,0,0.05,0.05,100
Broken Home,Amateur,,0,modern,amateur,0.0256,0.2649,0.2307,0.1111,0.1481,0,0.2592,0.5213,-0.817777301,-0.239112177,0.313470933,-0.309113892,4919.756098,0.682926829,3.666666667,0.097560976,0.048780488,0.008130081,123
My Thoughts On Love,Amateur,,0,modern,amateur,0.0318,0.3321,0.5229,0.049,0,0.1862,0.245,0.8869,-1.239962809,-0.642296868,0.899124639,-0.122021989,282.4370629,0.451048951,3.853146853,0.017482517,0.031468531,0.038461538,286
Take Me Back,Amateur,,0,modern,amateur,0.0238,0.1607,0.3214,0.0625,0.0208,0.0208,0.1041,0.5059,-0.942940685,-0.377245017,0.606536655,-0.324590002,18.61077844,0.550898204,3.425149701,0.035928144,0.047904192,0.023952096,167
A Friend Is,Amateur,,0,modern,amateur,0.0256,0.3846,0.3974,0.1111,0.1111,0,0.2222,0.8076,-1.055462617,-0.531664597,0.751295071,-0.16519405,10.81012658,0.544303797,3.784810127,0.025316456,0.012658228,0.012658228,79
THE GARDEN,Amateur,,0,modern,amateur,0.0214,0.4,0.4,0.0238,0,0.0238,0.0476,0.8214,-1.063643506,-0.566479609,1.301842989,-0.343993069,88.64084507,0.549295775,3.964788732,0.028169014,0.049295775,0.021126761,142
Insomnia,Amateur,,0,modern,amateur,0.0225,0.3513,0.4009,0.0588,0.2058,0.0098,0.2745,0.7747,-1.152702724,-0.571685559,0.520872773,-0.471342512,77.10619469,0.557522124,3.915929204,0.039823009,0.022123894,0.026548673,226
Unrequited Love,Amateur,,0,modern,amateur,0,0.4651,0.3875,0.0952,0.0158,0,0.1269,0.8527,-1.135645291,-0.580580931,0.743766822,0.186687292,176.1287879,0.71969697,4.840909091,0.007575758,0.045454545,0.045454545,132
Wavering,Amateur,,0,modern,amateur,0.0147,0.4558,0.8529,0.074,0.0925,0,0.1666,1.3235,-0.948986432,-0.481948412,0.130700735,0.1937763,198.7605634,0.816901408,4.605633803,0.014084507,0.028169014,0.014084507,71
Garden of Shattered Dreams,Amateur,,0,modern,amateur,0.0495,0.297,0.5445,0.119,0,0,0.1428,0.891,-1.081171505,-0.3655698,1.000149105,-0.380735625,289.7087379,0.834951456,4.766990291,0.009708738,0.038834951,0.009708738,103
Thinking Of You,Amateur,,0,modern,amateur,0.042,0.3445,0.3445,0.0555,0.1111,0,0.1666,0.731,-0.884608666,-0.36271973,0.643909654,-0.287506922,355.892562,0.685950413,3.743801653,0.049586777,0.024793388,0.041322314,121
My heart bleeds,Amateur,,0,modern,amateur,0.0374,0.3689,0.4438,0.0757,0.0909,0.0151,0.1818,0.8502,-0.837094787,-0.298928836,0.777773451,0.459187061,221.6769231,0.482051282,4.076923077,0.015384615,0.015384615,0.015384615,195
Time Isn't Always a good thing,Amateur,,0,modern,amateur,0.0181,0.3454,0.2818,0.1515,0.1515,0,0.4545,0.6454,-0.912289746,-0.299085251,0.445648159,-0.093909949,179.245614,0.622807018,3.403508772,0.026315789,0.043859649,0.026315789,114
Is It Really Love,Amateur,,0,modern,amateur,0.0372,0.4534,0.4968,0.0416,0.0972,0.0138,0.1805,0.9875,-1.092563215,-0.53921064,1.105840368,-0.036620398,166.2160494,0.635802469,3.901234568,0.049382716,0.018518519,0.049382716,162
Same Ole' Story,Amateur,,0,modern,amateur,0.0776,0.2718,0.5339,0.0277,0,0,0.0277,0.8834,-1.005168844,-0.240002343,0.808354904,-0.410780672,18.0952381,0.533333333,3.638095238,0.038095238,0.057142857,0.028571429,105
Restored,Amateur,,0,modern,amateur,0.0125,0.2893,0.3962,0.0666,0.1333,0.0166,0.2333,0.6981,-1.036747132,-0.455869404,1.152799811,0.089989645,3796.438272,0.62345679,4.012345679,0.024691358,0.037037037,0.037037037,162
Do You?,Amateur,,0,modern,amateur,0.013,0.2679,0.3529,0.0757,0.0454,0.0606,0.2575,0.6339,-1.150993859,-0.656633748,0.697695741,-0.27127527,67.59090909,0.506493506,3.798701299,0.006493506,0.051948052,0.058441558,154
Adoption is Love,Amateur,,0,modern,amateur,0.0344,0.5344,0.4137,0.0416,0.1666,0.0416,0.2499,0.9827,-1.213803769,-0.650206047,1.507895374,0.299853832,467.7419355,0.693548387,4.096774194,0.048387097,0.016129032,0.048387097,62
Road to Happiness,Amateur,,0,modern,amateur,0.0273,0.2185,0.459,0.0555,0.0555,0.0079,0.1269,0.7049,-1.074892973,-0.512659019,0.733765357,0.197869091,79.30978261,0.559782609,3.635869565,0.016304348,0.02173913,0.032608696,184
Untitled 1,Amateur,,0,modern,amateur,0.0344,0.1637,0.4224,0,0.1944,0,0.1944,0.6206,-0.863880221,-0.246054434,1.03713922,-0.169438017,11.87179487,0.598290598,3.854700855,0.025641026,0.025641026,0.008547009,117
Reflection,Amateur,,0,modern,amateur,0.0204,0.3163,0.5408,0.1212,0,0,0.1515,0.8775,-0.889244254,-0.399534529,0.149152351,-0.365808408,413.5454545,0.666666667,4.01010101,0.02020202,0.01010101,0.04040404,99
A DREAM WITHIN A DREAM,Amateur,,0,modern,amateur,0.0234,0.3593,0.3593,0.0166,0.1333,0,0.15,0.7421,-1.025701665,-0.525559063,0.617279079,-0.119441132,614.6434109,0.627906977,3.418604651,0.007751938,0.031007752,0.015503876,129
Waiting,Amateur,,0,modern,amateur,0.0214,0.2642,0.3928,0.0634,0.0952,0,0.1587,0.6785,-1.097126161,-0.545453209,0.508601015,0.003309056,2330.2,0.579310345,3.937931034,0.006896552,0.013793103,0.020689655,145
The War,Amateur,,0,modern,amateur,0.0481,0.3373,0.3855,0.1481,0.074,0,0.2222,0.771,-1.116447224,-0.502272866,0.339110838,0.045941544,136.4823529,0.776470588,4.341176471,0.047058824,0.058823529,0.023529412,85
On a Moonlit Night,Amateur,,0,modern,amateur,0.0743,0.4256,0.5743,0.0512,0.0128,0,0.0641,1.0743,-0.767475084,-0.118723954,0.789064178,-0.321118513,165.5133333,0.733333333,4.733333333,0.04,0.02,0.02,150
Traipsing on Bantayan Shore,Amateur,,0,modern,amateur,0.0368,0.2105,0.4789,0.0701,0.0087,0,0.0877,0.7263,-0.863561126,-0.385119998,0.844939087,0.167467046,113.3664921,0.643979058,4.005235602,0.010471204,0.02617801,0.057591623,191
you are my angel,Amateur,,0,modern,amateur,0.0449,0.2022,0.3146,0.098,0.0588,0.0392,0.196,0.5617,-1.077958331,-0.60299022,0.981099865,-0.537312038,55.38888889,0.533333333,3.511111111,0.066666667,0.011111111,0.077777778,90
I Know,Amateur,,0,modern,amateur,0.0167,0.251,0.3096,0.0909,0.1666,0.0303,0.2878,0.5774,-1.047624223,-0.670283272,0.770120202,-0.442286048,42.04545455,0.409090909,3.466942149,0.004132231,0.045454545,0.033057851,242
The Way That You Left Me,Amateur,,0,modern,amateur,0.041,0.2434,0.387,0.0387,0.0387,0.0697,0.1472,0.6715,-1.039630541,-0.533903857,0.518306558,0.052545089,33.77616279,0.418604651,3.534883721,0.026162791,0.026162791,0.037790698,344
Waiting for Love,Amateur,,0,modern,amateur,0.0606,0.2626,0.3131,0.0333,0.1666,0.0333,0.2333,0.6363,-1.036666898,-0.244495562,0.690142448,-0.308873677,38.67961165,0.660194175,3.786407767,0.019417476,0,0.009708738,103
a love without good-byes,Amateur,,0,modern,amateur,0.0425,0.2553,0.617,0.0869,0.0869,0,0.1884,0.9148,-0.877999422,-0.519279488,0.622447511,-0.10038018,58.84137931,0.731034483,4.117241379,0.027586207,0.048275862,0.034482759,145
Wail of a wave,Amateur,,0,modern,amateur,0.0552,0.3803,0.6932,0.2777,0,0,0.2777,1.1288,-0.953659954,-0.400064957,0.689806857,-0.199910957,303.0236686,0.698224852,4.343195266,0.071005917,0.029585799,0.023668639,169
Your still here,Amateur,,0,modern,amateur,0.0151,0.2474,0.4343,0.0303,0.1515,0,0.1818,0.6969,-1.059956617,-0.480710484,0.167445224,-0.192883772,32.78217822,0.559405941,3.613861386,0.02970297,0.02970297,0.03960396,202
Why?,Amateur,,0,modern,amateur,0.0309,0.2646,0.2989,0.0427,0.1623,0.0598,0.2735,0.5945,-1.002928716,-0.305760241,0.699395232,-0.092403947,110.4915254,0.298305085,3.603389831,0.010169492,0.013559322,0.044067797,295
Always on my mind.,Amateur,,0,modern,amateur,0.041,0.315,0.4109,0,0.1333,0,0.1333,0.7671,-0.968343859,-0.560233926,0.989223806,-0.439621106,9.394736842,0.605263158,3.460526316,0.013157895,0.013157895,0.065789474,76
"Lonely in the dark room """,Amateur,,0,modern,amateur,0.0169,0.2542,0.4406,0.1515,0,0.0303,0.1818,0.7118,-0.824478307,-0.287855122,0.741023423,-0.354705959,106.7190083,0.553719008,3.545454545,0.066115702,0.016528926,0,121
Untitled 2,Amateur,,0,modern,amateur,0.0319,0.5212,0.4787,0.1875,0.0208,0.0833,0.2916,1.0319,-0.994368791,-0.741701592,1.340166435,0.290549508,134.9479167,0.677083333,4.208333333,0.052083333,0.03125,0.104166667,96
As One,Amateur,,0,modern,amateur,0.0789,0.1973,0.5789,0,0,0.7777,0.7777,0.8552,-0.731033851,-0.145384527,1.122266796,-0.328880607,9.87012987,0.454545455,3.402597403,0.038961039,0.051948052,0.025974026,77
life goes on,Amateur,,0,modern,amateur,0,0.2131,0.4098,0.2916,0.125,0.1666,0.5833,0.6229,-1.049548227,-0.411585746,1.118254389,0.561033646,124.1428571,0.587301587,3.825396825,0.015873016,0.047619048,0.031746032,63
Everlasting Love,Amateur,,0,modern,amateur,0.0266,0.2666,0.3066,0,0.1666,0.0833,0.25,0.6,-0.935859112,-0.418155544,0.677006286,-0.213090253,54.81818182,0.662337662,3.584415584,0.038961039,0.025974026,0.038961039,77
ethics of the blacks,Amateur,,0,modern,amateur,0,0.38,0.48,0.0833,0,0,0.0833,0.86,-0.969536576,-0.288319032,0.682410379,-0.435716656,278.3333333,0.745098039,4.431372549,0,0,0,51
Hazed Maze,Amateur,,0,modern,amateur,0.0384,0.4038,0.5192,0,0.1458,0.0208,0.2083,0.9615,-1.108507547,-0.541577116,0.576460799,0.188603918,146.2331288,0.601226994,3.711656442,0.018404908,0.042944785,0.049079755,163
ME AND YOU,Amateur,,0,modern,amateur,0.0625,0.2708,0.3333,0.0196,0.0196,0,0.0392,0.6666,-0.899680775,-0.569411434,0.963278914,-0.168841064,144.744898,0.602040816,4.132653061,0.010204082,0.071428571,0.040816327,98
When you left,Amateur,,0,modern,amateur,0.0185,0.3425,0.1759,0.037,0.074,0.1111,0.2222,0.537,-1.15707877,-0.791793939,1.094487661,-0.043932989,123.9357798,0.532110092,3.311926606,0,0.009174312,0.018348624,109
MAGIC,Amateur,,0,modern,amateur,0.0095,0.3523,0.3142,0.0588,0.1372,0.098,0.3529,0.6761,-0.976087549,-0.516943394,1.13605002,0.406528983,149.7196262,0.61682243,3.841121495,0.018691589,0.018691589,0.037383178,107
TOGETHER. FOREVER!,Amateur,,0,modern,amateur,0.0319,0.351,0.3617,0.1666,0.0238,0.0238,0.2142,0.7446,-0.813726915,-0.420165307,0.938729315,0.067678503,336.2421053,0.736842105,4.389473684,0.063157895,0,0.063157895,95
YOU ARE MY EVERYTHING,Amateur,,0,modern,amateur,0.0198,0.3168,0.2079,0.1666,0.1666,0.0238,0.3571,0.5445,-0.85198545,-0.413885577,1.139936905,0.104930143,81.60576923,0.653846154,3.663461538,0.028846154,0.028846154,0.057692308,104
Believe in Miracles !,Amateur,,0,modern,amateur,0.0263,0.5263,0.4868,0.1025,0,0.1538,0.2564,1.0394,-0.963327033,-0.604130416,0.763131443,-0.143561286,34.2987013,0.246753247,4.766233766,0.090909091,0.025974026,0.012987013,77
A Lie,Amateur,,0,modern,amateur,0.0178,0.2946,0.3392,0.0476,0.0476,0,0.1904,0.6517,-1.222265553,-0.556307429,0.288974491,0.037135628,2654.938596,0.578947368,3.657894737,0.01754386,0.01754386,0.035087719,114
I love you,Amateur,,0,modern,amateur,0.0432,0.2962,0.3518,0.0925,0.0185,0,0.1296,0.6913,-0.923018125,-0.453412147,0.789036275,0.063858932,53.07228916,0.542168675,3.572289157,0.024096386,0.018072289,0.078313253,166
It,Amateur,,0,modern,amateur,0.0101,0.3535,0.3535,0.0588,0.0392,0.0196,0.1176,0.7171,-0.950845681,-0.467585556,1.242483613,0.121385818,26.11428571,0.571428571,3.752380952,0.00952381,0.038095238,0.076190476,105
Memories,Amateur,,0,modern,amateur,0.0239,0.2934,0.4191,0.0833,0.0333,0.0166,0.15,0.7365,-1.147518735,-0.609239067,0.402927844,-0.152300473,215.827381,0.630952381,4.297619048,0.047619048,0.06547619,0.011904762,168
From The Short Story What The Swallows Did by Louisa May Alcott,19th,1832,0,19th,professional,0.0439,0.2747,0.5274,0.0714,0.0952,0,0.1904,0.8461,-0.83678401,-0.319011251,1.017766539,-0.435096902,250.9456522,0.641304348,4.47826087,0.010869565,0.076086957,0.010869565,92
Turns And Movies: Zudora by Conrad Aiken,19th,1889,0,19th,professional,0.0456,0.2968,0.5296,0.1222,0.1,0,0.2222,0.8721,-0.736481114,-0.214312438,0.390405365,-0.37786705,468.0580357,0.678571429,4.129464286,0.049107143,0.004464286,0.017857143,224
The Window by Conrad Aiken,19th,1889,0,19th,professional,0.0224,0.408,0.4215,0.049,0.0686,0.0392,0.1568,0.852,-0.799817624,-0.204122671,0.685494267,-0.216168813,170.2321429,0.46875,3.888392857,0.035714286,0.022321429,0.008928571,224
Before an Examination by Stephen Vincent Benet,19th,1898,0,19th,professional,0.0172,0.3534,0.6034,0.0277,0.2222,0,0.25,0.9741,-0.903675262,-0.303067876,0.386785522,-0.316643057,115.3076923,0.726495726,4.102564103,0.051282051,0.008547009,0.025641026,117
Lonely Burial by Stephen Vincent Benet,19th,1898,0,19th,professional,0.0178,0.366,0.5982,0.1666,0.0555,0,0.2222,0.9821,-1.049116642,-0.441715765,0.070613096,-0.208286942,474.0353982,0.778761062,4.283185841,0.03539823,0.017699115,0.008849558,113
Knowledge by Louise Bogan,19th,1897,0,19th,professional,0,0.147,0.3823,0,0.1111,0,0.1666,0.5294,-0.955085378,-0.409781819,0.466490268,-0.068379627,8377.333333,0.861111111,3.916666667,0.027777778,0.027777778,0.055555556,36
Weather by Ambrose Bierce,19th,1842,0,19th,professional,0.0181,0.3272,0.5,0.3333,0.2083,0,0.5416,0.8454,-0.91108083,-0.237615321,0.440717767,-0.279857387,148.5892857,0.714285714,4.0625,0.035714286,0.035714286,0,112
A Woman's Reason by Gelett Burgess,19th,1866,0,19th,professional,0,0.2727,0.1515,0,0,0,0,0.4242,-1.256737858,-0.606693422,0.484867181,-0.017382729,6.828571429,0.8,3.6,0,0.057142857,0.028571429,35
The Goops by Gelett Burgess,19th,1866,0,19th,professional,0.0357,0.1785,0.3035,0,0.1666,0.0555,0.2222,0.5178,-1.096707117,-0.525397243,0.337067494,-0.323364115,67.33333333,0.684210526,3.280701754,0.070175439,0,0,57
The Sheep by Ellis Parker Butler,19th,1869,0,19th,professional,0.0229,0.3664,0.5954,0.074,0.1666,0,0.2407,0.9847,-0.93452165,-0.470600742,0.524086203,-0.41613243,1476.954545,0.674242424,4.310606061,0.022727273,0,0.015151515,132
Cupid Caught Napping by Ellis Parker Butler,19th,1869,0,19th,professional,0.0218,0.2846,0.5255,0.2272,0.2424,0,0.4696,0.8321,-0.777648104,-0.224534904,0.761833516,0.314666268,783.0069444,0.694444444,4.138888889,0.034722222,0.027777778,0.055555556,144
In the desert by Stephen Crane,19th,1871,0,19th,professional,0.0816,0.4693,0.6938,0.125,0,0.0416,0.2083,1.2448,-0.971044369,-0.278985866,0.491745594,0.176123528,16.82,0.64,3.72,0.02,0,0.08,50
A god in wrath by Stephen Crane,19th,1871,0,19th,professional,0,0.5471,0.3962,0.1333,0,0.0333,0.1666,0.9433,-0.978446719,-0.432610718,0.226866352,0.754496998,307,0.685185185,4.037037037,0,0.018518519,0,54
Upon the road of my life by Stephen Crane,19th,1871,0,19th,professional,0.0219,0.3076,0.4175,0.0392,0,0,0.0588,0.7472,-0.860957306,-0.419410144,0.664775532,-0.218690085,103.6956522,0.782608696,4.010869565,0.02173913,0.02173913,0.010869565,92
Once I knew a fine song by Stephen Crane,19th,1871,0,19th,professional,0.0178,0.2857,0.4107,0.037,0,0,0.037,0.7142,-0.971116621,-0.346917729,0.960027423,-0.879460494,276.5789474,0.771929825,3.719298246,0.01754386,0,0,57
To Emily Dickinson by Hart Crane,19th,1899,0,19th,professional,0.0412,0.3711,0.6804,0.1111,0.2222,0,0.3333,1.0927,-0.911752784,-0.439980428,0.54948052,-0.21295384,172.8061224,0.857142857,4.734693878,0.06122449,0,0.040816327,98
Interior by Hart Crane,19th,1899,0,19th,professional,0,0.3,0.5,0.0333,0.1333,0,0.1666,0.8,-0.859484654,-0.422034335,0.4119198,0.019802509,297.375,0.763888889,3.847222222,0.069444444,0.041666667,0.055555556,72
If I can stop one Heart from breaking by Emily Dickinson,19th,1830,0,19th,professional,0,0.275,0.575,0.4,0.2,0,0.6,0.85,-0.645100676,-0.07915726,0.873011651,-0.549033775,934.9512195,0.658536585,3.536585366,0.024390244,0,0,41
I felt a Funeral in my Brain by Emily Dickinson,19th,1830,0,19th,professional,0.0869,0.2521,0.7043,0.074,0.0185,0,0.0925,1.0434,-1.084068621,-0.454805703,0.325581924,-0.244079876,108.8706897,0.681034483,4.017241379,0.025862069,0.025862069,0.017241379,116
We lose -- because we win by Emily Dickinson,19th,1830,0,19th,professional,0.0909,0.3636,0.4545,0,0,0,0,0.909,-1.017186472,-0.22748552,0.216609069,0.841596266,269.3333333,0.916666667,5.083333333,0.083333333,0,0,12
Going to Heaven! by Emily Dickinson,19th,1830,0,19th,professional,0.0138,0.1875,0.4652,0,0.0133,0.0266,0.04,0.6666,-1.015731396,-0.541308759,0.929318672,-0.406405939,380.6598639,0.653061224,3.700680272,0.034013605,0.027210884,0.027210884,147
There is no Frigate like a Book by Emily Dickinson,19th,1830,0,19th,professional,0.05,0.325,0.45,0.1111,0,0,0.2222,0.825,-1.220569179,-0.574372696,0.677583422,-0.339607118,1030.365854,0.829268293,4.195121951,0.048780488,0.048780488,0.048780488,41
Life's Tragedy by Paul Laurence Dunbar,19th,1872,0,19th,professional,0.0655,0.3688,0.4508,0.0476,0.0714,0,0.1428,0.8852,-1.200343255,-0.74521917,0.443366325,-0.005720086,599.3870968,0.64516129,3.862903226,0.024193548,0.040322581,0.064516129,124
Encouraged by Paul Laurence Dunbar,19th,1872,0,19th,professional,0,0.1875,0.6562,0,0.3333,0,0.3333,0.8437,-1.058606488,-0.637735917,0.506829833,-0.143440686,66.75757576,0.727272727,4.181818182,0,0,0.060606061,33
The Unlucky Apple by Paul Laurence Dunbar,19th,1872,0,19th,professional,0.0222,0.3111,0.1777,0.0555,0.0555,0,0.1111,0.5111,-0.854968522,-0.378329288,0.565919827,-0.186575562,174.7755102,0.795918367,3.755102041,0,0.040816327,0,49
Evadne by Hilda Doolittle,19th,1886,1,19th,professional,0.0467,0.2429,0.4018,0.1111,0,0,0.1111,0.6915,-0.711020705,-0.154854455,0.853974206,-0.285913269,132.2844037,0.605504587,3.990825688,0.064220183,0,0.027522936,109
Sheltered Garden by Hilda Doolittle,19th,1886,1,19th,professional,0.041,0.3208,0.7574,0.0833,0,0,0.0833,1.1194,-0.8152809,-0.121975118,0.415645607,-0.322122905,128.4981413,0.646840149,4.29739777,0.048327138,0.029739777,0.003717472,269
A Noon Song by Henry Van Dyke,19th,1852,0,19th,professional,0.0215,0.41,0.5179,0.0444,0.1444,0.0222,0.2222,0.9496,-1.021597583,-0.473412066,0.924022181,-0.4250259,101.9821429,0.5,3.682142857,0.025,0.075,0.003571429,280
God of the Open Air by Henry Van Dyke,19th,1852,0,19th,professional,0.0216,0.3532,0.5045,0.0775,0.1446,0.002,0.2431,0.8794,-1.066644889,-0.519149584,0.773969078,-0.198723358,187.930406,0.423363712,4.104391052,0.028997514,0.035625518,0.031483016,1207
Indian Summer by Henry Van Dyke,19th,1852,0,19th,professional,0.0172,0.4051,0.5862,0.0833,0.1666,0,0.2916,1.0086,-0.925225696,-0.371509224,0.685586008,-0.317408885,278.5254237,0.737288136,4.262711864,0.050847458,0.042372881,0.025423729,118
Farewell and Thanksgiving by Mark van Doren,19th,1894,0,19th,professional,0.0975,0.1463,0.2926,0.125,0.1666,0,0.2916,0.5365,-0.944950209,-0.542813185,1.280952994,-0.366208865,160.3571429,0.904761905,4,0.047619048,0,0.047619048,42
Macavity: The Mystery Cat by T. S. Eliot,19th,1888,1,19th,professional,0.0294,0.4072,0.5067,0.0083,0.175,0.0166,0.1999,0.9434,-1.119280145,-0.427970891,0.254541217,-0.297927919,835.4470339,0.461864407,4.084745763,0.031779661,0.029661017,0.014830508,472
The Boston Evening Transcript by T. S. Eliot,19th,1888,1,19th,professional,0.037,0.432,0.6913,0,0,0.0476,0.0476,1.1604,-1.014075128,-0.409610046,0.666581983,-0.635773235,224.746988,0.626506024,4.373493976,0.024096386,0.072289157,0.012048193,83
Give All To Love by Ralph Waldo Emerson,19th,1803,0,19th,professional,0.045,0.35,0.425,0.0567,0.078,0,0.1347,0.82,-1.005517149,-0.580237249,0.817801928,0.085629794,461.2139303,0.686567164,4.119402985,0.019900498,0.024875622,0.029850746,201
The Park by Ralph Waldo Emerson,19th,1803,0,19th,professional,0.0112,0.2134,0.5617,0.0476,0.0714,0.0238,0.1428,0.7865,-0.69976579,-0.216843686,0.860536389,-0.102792572,180.4888889,0.777777778,4.255555556,0.055555556,0.055555556,0.011111111,90
Threnody by Ralph Waldo Emerson,19th,1803,0,19th,professional,0.024,0.3207,0.638,0.1056,0.1056,0.0046,0.2229,0.9828,-0.916170698,-0.415167823,0.633070931,-0.117339604,349.5391549,0.472676056,4.31943662,0.030985915,0.042816901,0.013521127,1775
The Road Not Taken by Robert Frost,19th,1874,0,19th,professional,0.0279,0.2377,0.4125,0.037,0.2777,0,0.3148,0.6783,-1.200551964,-0.64338222,0.702165866,-0.769664082,245.5208333,0.652777778,3.923611111,0.020833333,0.034722222,0.013888889,144
Mending Wall by Robert Frost,19th,1874,0,19th,professional,0.023,0.2871,0.4692,0.1162,0,0,0.1317,0.7794,-1.042998611,-0.42439756,0.69560406,-0.461852566,364.956962,0.503797468,3.756962025,0.053164557,0.02278481,0.012658228,395
My November Guest by Robert Frost,19th,1874,0,19th,professional,0.031,0.31,0.3565,0.0555,0.2592,0,0.3518,0.6976,-0.849138008,-0.435010324,0.964769592,-0.474761155,376.7518797,0.669172932,3.92481203,0.022556391,0.030075188,0.037593985,133
A Valentine by Eugene Field,19th,1850,0,19th,professional,0.0069,0.2937,0.4335,0.0757,0.1515,0,0.2272,0.7342,-0.842470189,-0.355662605,0.804511777,0.083969718,384.5069444,0.548611111,4.076388889,0.027777778,0,0.0625,144
Horace to phyllis by Eugene Field,19th,1850,0,19th,professional,0.0173,0.3478,0.4434,0.0098,0.1372,0.0196,0.1666,0.8086,-1.110354385,-0.501445583,0.808131527,-0.23898904,312.893617,0.706382979,4.272340426,0.017021277,0.029787234,0.017021277,235
The Boys by Oliver Wendell Holmes,19th,1809,0,19th,professional,0.0427,0.3277,0.4228,0.0158,0.1984,0,0.2142,0.7933,-0.963467558,-0.369004217,0.590441451,-0.116160962,266.8279817,0.532110092,3.894495413,0.02293578,0.032110092,0.004587156,436
The Organ-Blower by Oliver Wendell Holmes,19th,1809,0,19th,professional,0.0545,0.3052,0.6079,0.0268,0.1612,0,0.1881,0.9677,-0.9705648,-0.383725695,0.542936235,-0.266700896,327.8731707,0.663414634,4.404878049,0.041463415,0.024390244,0.012195122,410
End Of The World by Robinson Jeffers,19th,1887,0,19th,professional,0.0352,0.3764,0.5058,0.0666,0.0666,0,0.1333,0.9176,-0.829394793,-0.348277242,0.08830684,0.109711102,3500.827586,0.75862069,4.057471264,0,0.045977011,0.011494253,87
Promise Of Peace by Robinson Jeffers,19th,1887,0,19th,professional,0.0588,0.2436,0.4285,0.0555,0.0555,0,0.1111,0.731,-1.123259237,-0.61059153,0.478629489,-0.046334093,615.9756098,0.715447154,4.195121951,0.016260163,0.024390244,0.016260163,123
A Dream by Helen Hunt Jackson,19th,1831,0,19th,professional,0.041,0.3076,0.5794,0.0454,0.0909,0,0.1363,0.9282,-0.850604024,-0.540168367,0.534137893,-0.058493076,402.005102,0.581632653,4.209183673,0.015306122,0.040816327,0.025510204,196
My Tenants by Helen Hunt Jackson,19th,1831,0,19th,professional,0.0467,0.2985,0.6043,0.065,0.1463,0,0.2601,0.9496,-0.967173487,-0.389501396,0.54506838,-0.21957746,394.5714286,0.635714286,3.978571429,0.057142857,0.017857143,0.021428571,280
Poets by Joyce Kilmer,19th,1886,0,19th,professional,0.0303,0.1969,0.3636,0.0555,0.2222,0,0.2777,0.5909,-1.02398244,-0.395151191,0.346816223,-0.181369628,321.1343284,0.820895522,4.223880597,0.029850746,0.014925373,0,67
The Rainy Day by Henry Wadsworth Longfellow,19th,1807,0,19th,professional,0.0172,0.3534,0.6724,0.0512,0.1538,0.0256,0.2307,1.0431,-0.981175918,-0.464984219,-0.045476309,-0.37508855,286.8461538,0.478632479,3.897435897,0.008547009,0.076923077,0.025641026,117
Woods in Winter by Henry Wadsworth Longfellow,19th,1807,0,19th,professional,0.0454,0.3636,0.6704,0.141,0.1538,0,0.2948,1.0795,-0.840384981,-0.210818556,0.620284862,-0.620181996,345.9101124,0.685393258,4.466292135,0.033707865,0.04494382,0.016853933,178
The Three Kings by Henry Wadsworth Longfellow,19th,1807,0,19th,professional,0.0362,0.3647,0.5989,0.1372,0.1862,0,0.3333,1,-1.047619703,-0.436216661,0.792575944,-0.197930785,112.0054152,0.474729242,4.126353791,0.025270758,0.018050542,0.010830325,554
Wapentake by Henry Wadsworth Longfellow,19th,1807,0,19th,professional,0.056,0.4485,0.5607,0,0.2051,0,0.2051,1.0654,-1.088076372,-0.45886622,0.908527697,0.017267152,728.8073395,0.678899083,4.293577982,0.064220183,0,0.027522936,109
Before the Altar by Amy Lowell,19th,1874,1,19th,professional,0.0258,0.3247,0.5276,0.0308,0.0925,0.0061,0.1296,0.8782,-0.919351383,-0.315586766,0.511962199,-0.253095821,251.952381,0.63003663,4.340659341,0.032967033,0.025641026,0.010989011,273
A Lady by Amy Lowell,19th,1874,1,19th,professional,0.0108,0.326,0.4456,0.0222,0,0,0.0444,0.7826,-1.045090089,-0.412070657,0.81992836,0.021661771,204.6021505,0.76344086,4.193548387,0.021505376,0.053763441,0.053763441,93
Anticipation by Amy Lowell,19th,1874,1,19th,professional,0.0142,0.2,0.3,0.074,0,0,0.074,0.5142,-1.044396385,-0.501052233,0.106795807,0.124850806,222.7605634,0.704225352,3.802816901,0.028169014,0,0.014084507,71
Drying Their Wings by Vachel Lindsay,19th,1879,0,19th,professional,0,0.3513,0.527,0.1212,0.0909,0,0.2424,0.8783,-1.071052986,-0.276776799,0.758812051,-0.390164739,157.3421053,0.802631579,4.171052632,0.026315789,0.013157895,0,76
To Lady Jane by Vachel Lindsay,19th,1879,0,19th,professional,0.0222,0.2074,0.6666,0.1,0.0666,0,0.1777,0.8962,-0.8618854,-0.354579418,0.567946143,0.001674705,217.7226277,0.715328467,4.518248175,0.04379562,0.04379562,0.04379562,137
A Curse for Kings by Vachel Lindsay,19th,1879,0,19th,professional,0.0277,0.3573,0.6288,0.0952,0.0714,0,0.1666,1.0138,-0.971901795,-0.406951196,0.110430741,0.188451167,407.214876,0.600550964,4.311294766,0.044077135,0.041322314,0.024793388,363
City Visions by Emma Lazarus,19th,1849,0,19th,professional,0.0303,0.2683,0.58,0.0476,0.238,0,0.2976,0.8787,-0.815323702,-0.247158531,0.649453155,-0.25940421,364.2948718,0.739316239,4.316239316,0.047008547,0.038461538,0.008547009,234
The Taming of the Falcon by Emma Lazarus,19th,1849,0,19th,professional,0.0471,0.3962,0.3679,0.0833,0.0555,0,0.1388,0.8113,-1.012629788,-0.27473149,0.593747666,-0.385968837,173.1834862,0.76146789,4.412844037,0.055045872,0.009174312,0.009174312,109
A Dedication. To Charlotte Cushman by Sidney Lanier,19th,1842,0,19th,professional,0.0291,0.2524,0.5242,0.1666,0.1666,0,0.3333,0.8058,-0.97609286,-0.40259408,0.485539507,-0.459302721,38.07619048,0.8,3.942857143,0.085714286,0.028571429,0.00952381,105
To Beethoven by Sidney Lanier,19th,1842,0,19th,professional,0.0358,0.2982,0.6659,0.106,0.1313,0,0.2424,1,-1.012124841,-0.551902219,0.495365811,0.082192297,153.3951435,0.580573951,4.216335541,0.024282561,0.046357616,0.030905077,453
A Red Flower by Claude McKay,19th,1889,0,19th,professional,0.0516,0.3032,0.4709,0.0185,0.1851,0,0.2037,0.8258,-0.797661853,-0.273255993,0.775811988,-0.143440686,238.4140127,0.700636943,4.23566879,0.031847134,0.050955414,0.006369427,157
On the Road by Claude McKay,19th,1889,0,19th,professional,0.0192,0.3076,0.625,0,0.1666,0,0.1666,0.9519,-0.848221233,-0.187002787,-0.03482844,-0.075639602,447.5471698,0.783018868,4.594339623,0.066037736,0.018867925,0.037735849,106
Silence by Marianne Moore,19th,1887,1,19th,professional,0.0333,0.2666,0.7444,0,0,0,0.0277,1.0444,-0.91579068,-0.358949197,0.580423175,-0.361893021,1011.021978,0.813186813,4.505494505,0.032967033,0.021978022,0.032967033,91
Love Is Not All by Edna St. Vincent Millay,19th,1892,0,19th,professional,0.008,0.2822,0.5887,0.1388,0.1388,0,0.2777,0.879,-0.868393439,-0.454450666,0.522360566,-0.10818908,1901.857143,0.634920635,3.738095238,0.087301587,0.071428571,0.031746032,126
The Suicide by Edna St. Vincent Millay,19th,1892,0,19th,professional,0.0304,0.2419,0.5187,0.1167,0.1459,0.0024,0.2652,0.7911,-0.976301939,-0.49548873,0.582555782,-0.180386425,700.6068376,0.408547009,3.88974359,0.031623932,0.01965812,0.026495726,1170
Griffy the Cooper by Edgar Lee Masters,19th,1868,0,19th,professional,0.0098,0.2941,0.3235,0.0769,0,0.0256,0.1025,0.6274,-1.279890739,-0.394547213,0.790078327,-0.095678313,178.6213592,0.582524272,4.213592233,0.019417476,0.038834951,0,103
Emily Sparks by Edgar Lee Masters,19th,1868,0,19th,professional,0.0152,0.3587,0.2977,0.098,0,0.0392,0.1372,0.6717,-0.90388482,-0.377205984,0.712832907,0.009331929,140.4924242,0.590909091,3.636363636,0.022727273,0.03030303,0.007575758,132
Poem in Prose by Archibald MacLeish,19th,1892,0,19th,professional,0.0184,0.2883,0.4723,0.1,0.0777,0.0111,0.2111,0.7791,-1.060168498,-0.546737057,1.21258092,-0.076833762,475.0242424,0.6,3.76969697,0.048484848,0.048484848,0.012121212,165
The Enthusiast by Herman Melville,19th,1819,0,19th,professional,0.0694,0.2291,0.6805,0.0579,0.1449,0,0.2318,0.9791,-0.969849035,-0.436766806,0.317997504,-0.334903344,871.5986395,0.768707483,4.482993197,0.020408163,0.047619048,0.034013605,147
Song by Edgar Allan Poe,19th,1809,0,19th,professional,0.0408,0.2857,0.3163,0.0238,0.0952,0.0476,0.1666,0.6428,-0.802390238,-0.390959995,0.925240772,0.32923681,209.1717172,0.636363636,4.151515152,0.050505051,0.03030303,0.050505051,99
The Valley Of Unrest by Edgar Allan Poe,19th,1809,0,19th,professional,0.032,0.4743,0.4615,0.0666,0.12,0,0.2,0.9679,-1.163087153,-0.470220677,0.2715157,-0.583466001,511.3037975,0.715189873,4.481012658,0.006329114,0.006329114,0.037974684,158
A Fairly Sad Tale by Dorothy Parker,19th,1893,0,19th,professional,0.0128,0.3076,0.4871,0.0909,0.0909,0.0151,0.1969,0.8076,-1.092546601,-0.548663974,0.74698376,0.131793369,1101.888199,0.670807453,3.875776398,0.037267081,0.02484472,0.01863354,161
Dilemma by Dorothy Parker,19th,1893,0,19th,professional,0.016,0.24,0.648,0.1875,0.1666,0,0.3541,0.904,-0.988945046,-0.590823517,0.391716703,-0.083260901,84.37795276,0.606299213,3.811023622,0.039370079,0.023622047,0.047244094,127
A Girl by Ezra Pound,19th,1885,1,19th,professional,0.0185,0.3148,0.4444,0.0833,0,0.1666,0.25,0.7777,-0.902479916,-0.0642137,0.886952663,-0.354195172,45.8,0.690909091,3.727272727,0.054545455,0,0.018181818,55
Song of the Bowmen of Shu by Ezra Pound,19th,1885,1,19th,professional,0.0533,0.3422,0.4088,0.0833,0,0.0138,0.0972,0.8044,-1.059538992,-0.454615253,0.401240158,-0.539263241,218.0263158,0.535087719,4.039473684,0.026315789,0.013157895,0.030701754,228
Miniver Cheevy by Edwin Arlington Robinson,19th,1869,0,19th,professional,0.034,0.2613,0.7897,0.1444,0.1222,0.0222,0.2888,1.0852,-1.118681631,-0.516679158,0.545866441,-0.002984259,200.8820225,0.601123596,4.494382022,0.033707865,0.011235955,0.016853933,178
Lancelot by Edwin Arlington Robinson,19th,1869,0,19th,professional,0.0269,0.2864,0.4804,0.0998,0.003,0.0107,0.1182,0.7939,-1.12850456,-0.529947749,0.490024138,-0.131825192,154.7735743,0.317334839,3.979672501,0.024280068,0.020892151,0.017504235,1771
Painted Head by John Crowe Ransom,19th,1888,0,19th,professional,0.0478,0.4541,0.5219,0.0784,0.0098,0.0294,0.1176,1.0239,-0.995536973,-0.451148922,0.462008094,-0.190161281,601.5098814,0.62055336,4.549407115,0.083003953,0.019762846,0.015810277,253
Happiness by Carl Sandburg,19th,1878,0,19th,professional,0.024,0.3373,0.4578,0.1666,0,0,0.1666,0.8192,-1.029758037,-0.453063435,0.658339108,0.144373056,177.6785714,0.69047619,4.05952381,0.023809524,0.035714286,0.011904762,84
Horse Fiddle by Carl Sandburg,19th,1878,0,19th,professional,0.0041,0.3662,0.5144,0.1041,0,0.0208,0.125,0.8847,-0.8592581,-0.275966472,0.77919918,-0.286334579,338.4098361,0.487704918,3.692622951,0.020491803,0.028688525,0.024590164,244
The Idea Of Order At Key West by Wallace Stevens,19th,1879,0,19th,professional,0.0349,0.3193,0.5268,0.0555,0.0493,0.0061,0.1172,0.8811,-1.035421269,-0.468243291,0.71846863,-0.362028478,218.7517401,0.464037123,4.192575406,0.013921114,0.020881671,0.006960557,431
Nomad Exquisite by Wallace Stevens,19th,1879,0,19th,professional,0.0588,0.3529,0.6911,0.1111,0,0.0277,0.1388,1.1029,-0.937010532,-0.326092855,0.709984368,0.016083985,209.2173913,0.594202899,4.463768116,0.014492754,0,0,69
Do You Remember Once by Alan Seeger,19th,1886,0,19th,professional,0.0295,0.3645,0.6423,0.0959,0.1111,0.005,0.2121,1.0364,-0.938359296,-0.409616542,0.636927342,-0.018822158,373.0601375,0.546391753,4.264604811,0.036082474,0.020618557,0.036082474,582
To England at the Outbreak of the Balkan War by Alan Seeger,19th,1886,0,19th,professional,0.0588,0.2352,0.549,0,0.1666,0,0.1666,0.8431,-1.241501446,-0.675538534,-0.027669412,0.14150448,369.184466,0.844660194,4.854368932,0.029126214,0.048543689,0.029126214,103
After Love by Sara Teasdale,19th,1884,0,19th,professional,0.0422,0.2112,0.4225,0,0.0666,0,0.2,0.676,-1.029732147,-0.506123429,0.832347717,-0.1378629,730.0277778,0.652777778,3.666666667,0,0.013888889,0.013888889,72
The Years by Sara Teasdale,19th,1884,0,19th,professional,0.0232,0.2674,0.593,0.0666,0.0666,0,0.1333,0.8837,-0.916809233,-0.429548463,0.467951846,-0.308155122,108.0229885,0.689655172,3.977011494,0.034482759,0.011494253,0.045977011,87
Prayer by Henry David Thoreau,19th,1817,0,19th,professional,0.0388,0.2912,0.5533,0.0277,0.1388,0,0.1666,0.8834,-1.031153873,-0.633144866,0.648621683,-0.245499862,564.0761905,0.666666667,3.980952381,0,0.104761905,0.028571429,105
Tell Me by Jean Toomer,19th,1894,0,19th,professional,0.0126,0.367,0.6582,0,0.1666,0,0.1999,1.0379,-0.940395865,-0.323477009,0.694828114,-0.352229799,155.725,0.7,4.2,0.025,0.075,0.0375,80
O Captain! My Captain! by Walt Whitman,19th,1819,0,19th,professional,0.0297,0.3762,0.5445,0.106,0.0909,0,0.1969,0.9504,-0.761426309,-0.097747912,0.430296713,-0.148699741,578.5714286,0.561904762,3.928571429,0.085714286,0.00952381,0.019047619,210
Beginners by Walt Whitman,19th,1819,0,19th,professional,0,0.3924,0.4683,0,0,0,0,0.8607,-1.471756384,-0.821900901,0.641917576,-0.020481499,176.8271605,0.666666667,4.407407407,0,0.024691358,0.012345679,81
Inscription by Walt Whitman,19th,1819,0,19th,professional,0.031,0.3178,0.3255,0.119,0,0,0.119,0.6744,-0.91641866,-0.468696008,0.644096411,-0.24731145,1215.717391,0.65942029,3.985507246,0.02173913,0.014492754,0.007246377,138
A Sort Of A Song by William Carlos Williams,19th,1883,1,19th,professional,0,0.3478,0.6521,0.0333,0,0,0.0333,1,-1.0766798,-0.46313879,0.215737535,0.084256921,54.68085106,0.808510638,4.446808511,0.042553191,0,0,47
Portrait Of A Lady by William Carlos Williams,19th,1883,1,19th,professional,0,0.3529,0.3529,0.0303,0,0.0909,0.1212,0.7058,-0.903277612,-0.438496657,1.145707704,-0.640979169,319.8224299,0.672897196,4.252336449,0.018691589,0.018691589,0.009345794,107
A Golden Day by Ella Wheeler Wilcox,19th,1850,0,19th,professional,0.0297,0.2261,0.4404,0.106,0.1818,0,0.2878,0.6964,-0.999334386,-0.621250837,0.705088752,-0.034500761,238.8402367,0.585798817,3.650887574,0.035502959,0.035502959,0.047337278,169
Our Blessings by Ella Wheeler Wilcox,19th,1850,0,19th,professional,0.0275,0.344,0.4449,0.0333,0.0888,0,0.1222,0.8165,-1.037279529,-0.559178791,0.746547505,-0.288541398,295.803653,0.630136986,4.159817352,0.04109589,0.04109589,0.03196347,219
A Word for the Hour by John Greenleaf Whittier,19th,1807,0,19th,professional,0.0176,0.3053,0.5398,0.074,0.1728,0,0.2469,0.8628,-0.917306834,-0.426170525,0.086924836,0.033437096,501.877193,0.723684211,4.263157895,0.039473684,0.030701754,0.035087719,228
The Old Guitar by James Whitcomb Riley,19th,1849,0,19th,professional,0.035,0.364,0.6666,0.1862,0.2058,0,0.3921,1.0657,-1.174054756,-0.462456576,0.341159176,0.00830889,346.8,0.57826087,4.152173913,0.052173913,0.02173913,0.013043478,230
Silver Filigree by Elinor Wylie,19th,1885,0,19th,professional,0.0285,0.3428,0.5,0.0714,0.1428,0,0.2142,0.8714,-0.878364321,-0.209145852,0.493430001,-0.196801502,325.6805556,0.819444444,4.402777778,0.055555556,0.027777778,0,72