Type,Poem/poet,wordCount,avgWordLength,alliterationFreq,assonanceFreq,consonanceFreq,slantEndRhymeFreq,perfectEndRhymeFreq,soundDevicesFreq,endRhymeFreq,concreteness,imageability,valence,arousal,typeTokenRatio,logWordFreq,objectWords,absWords
contempPoet,"RiotAct,April29,1992,byAi/Poet",0.6269,0.2084,0.0317,0.3861,0.5763,0.1016,0.0169,0.9942,0.1355,2.687526882,328.3290043,5.720909091,4.136868687,0.57925072,2.134617755,0.04610951,0.028818444
contempPoet,"Twenty-yearMarriage,byAi/Poet",0.4135,0.1323,0.023,0.2923,0.4769,0.119,0,0.7923,0.119,2.924782609,358.3877551,5.382391304,3.912826087,0.778625954,2.143259062,0.091603053,0.015267176
contempPoet,"ToDorothy,byMarvinBell/Poet",0.3704,0.1216,0,0.4313,0.5588,0.0277,0.0277,0.9901,0.0833,2.675376344,337.1506849,5.924444444,3.683055556,0.621359223,2.105962766,0.067961165,0.019417476
contempPoet,"ToanAdolescentWeepingWillow,byMarvinBell/Poet",0.5081,0.1065,0.0096,0.298,0.3653,0.0312,0.0208,0.673,0.0625,2.932751323,354.7058824,5.472571429,3.736857143,0.516746411,1.984008028,0.081339713,0.033492823
contempPoet,"DreamSong26:Thegloriesoftheworldstruckme,byJohnBerryman/Poet",0.4037,0.2168,0.0409,0.4016,0.4344,0.0833,0.0625,0.877,0.1666,2.365402299,314.0869565,5.596363636,4.295454545,0.698412698,2.100121635,0.015873016,0.023809524
contempPoet,"DreamSong172:Yourfacebroods,byJohnBerryman/Poet",0.4024,0.2316,0.0413,0.5041,0.6528,0.0416,0.0625,1.1983,0.1041,2.636960784,331.5384615,4.852571429,4.134857143,0.756097561,2.433018794,0.016260163,0.008130081
contempPoet,"TheFish,byElizabethBishop/Poet",0.6482,0.2282,0.0344,0.3713,0.5676,0.081,0.009,0.9734,0.1036,2.794304207,346.6623932,5.511982759,4.020948276,0.582210243,2.675814708,0.037735849,0.016172507
contempPoet,"WarningtotheReader,byRobertBly/Poet",0.4641,0.2131,0.0292,0.421,0.5146,0.3333,0,0.9649,0.3333,2.592428571,330.8073395,5.704705882,3.934509804,0.706586826,2.12696846,0.02994012,0.02994012
contempPoet,"TheRussian,byRobertBly/Poet",0.5171,0.1242,0.0275,0.2247,0.4587,0.0952,0.0158,0.711,0.1269,2.714918033,345.427673,5.632222222,3.936349206,0.643835616,1.885240403,0.04109589,0.00456621
contempPoet,"ALovelyLove,byGwendolynBrooks/Poet",0.377,0.2292,0.0377,0.2924,0.6037,0.2222,0.1666,0.9339,0.3888,2.718297872,338.5571429,5.988285714,3.845142857,0.76635514,2.756493941,0.037383178,0.009345794
contempPoet,"TheChoir,byOlgaBroumas/Poet",0.2346,0.3166,0,0.4418,0.3488,0.2666,0,0.7906,0.2666,2.445833333,308.72,5.815,3.67,0.818181818,2.55769709,0,0.022727273
contempPoet,"atthecemetery,walnutgroveplantation,southcarolina,1989,byLucilleClifton/Poet",0.4012,0.3035,0.0333,0.3083,0.7583,0.0707,0,1.1,0.1919,2.764044944,324.1232877,5.3008,3.8944,0.520661157,2.135605564,0.033057851,0
contempPoet,"scar,byLucilleClifton/Poet",0.2346,0.1166,0.0465,0.279,0.2558,0.0333,0,0.5813,0.0666,2.96325,363.0540541,5.674210526,3.938421053,0.681818182,1.848383972,0.136363636,0.045454545
contempPoet,"Japan,byBillyCollins/Poet",0.5378,0.1101,0.0124,0.3029,0.3112,0.0808,0,0.6265,0.1212,2.718262911,326.699422,5.743529412,3.831323529,0.477178423,1.898147496,0.058091286,0.012448133
contempPoet,"WritingintheAfterlife,byBillyCollins/Poet",0.5351,0.2259,0.0168,0.3655,0.4579,0.0937,0,0.8403,0.1041,2.497205882,309.6493506,5.66943662,3.90915493,0.601694915,2.128389522,0.033898305,0.012711864
contempPoet,"TheLanguage,byRobertCreeley/Poet",0.2653,0.1192,0.0196,0.196,0.4117,0.106,0,0.6274,0.1212,2.558333333,341.2058824,5.611764706,4.103529412,0.769230769,1.88982047,0.038461538,0.019230769
contempPoet,"TheWarning,byRobertCreeley/Poet",0.18,0.1125,0,0.387,0.3225,0.1111,0,0.7096,0.1111,2.614137931,346.12,5.676153846,4.404615385,0.878787879,1.999171941,0.060606061,0
contempPoet,"Adultery,byJamesDickey/Poet",0.5405,0.2057,0.0368,0.3975,0.5,0.1397,0,0.9344,0.1505,2.680184332,331.3121387,5.460615385,4.099846154,0.62704918,2.211573118,0.032786885,0.012295082
contempPoet,"Tomatoes,byStephenDobyns/Poet",0.6148,0.2104,0.0333,0.4303,0.4878,0.0877,0,0.9515,0.0964,2.807189781,348.9695652,5.703229167,4.191875,0.547112462,2.352286616,0.036474164,0.018237082
contempPoet,"Fragments,byStephenDobyns/Poet",0.4111,0.2015,0.0312,0.3125,0.6015,0.0238,0,0.9453,0.0238,2.828660714,368.3917526,5.966041667,3.7525,0.674418605,2.115711232,0.062015504,0.015503876
contempPoet,"WingfootLake,byRitaDove/Poet",0.5333,0.3012,0.0338,0.3855,0.4661,0.0833,0,0.8855,0.1018,2.694666667,340.4615385,5.961587302,3.775238095,0.68487395,2.199610858,0.012605042,0.029411765
contempPoet,"TheStairway,byStephenDunn/Poet",0.5027,0.3064,0.0297,0.3663,0.5891,0.0512,0,0.9851,0.0512,2.430977011,311.0656934,6.077241379,3.887413793,0.65,2.200428532,0.045,0.025
contempPoet,"TheStrangePeople,byLouiseErdrich/Poet",0.5585,0.2067,0.0265,0.356,0.4545,0.098,0,0.8371,0.1078,2.772542373,342.9251337,5.508604651,4.126162791,0.616541353,2.213066655,0.022556391,0.022556391
contempPoet,"NewVows,byLouiseErdrich/Poet",0.4074,0.2042,0.024,0.216,0.408,0.0666,0.0222,0.6479,0.0888,2.561747573,326.3376623,5.267272727,4.04,0.761904762,2.229731834,0.023809524,0.015873016
contempPoet,"SexualJealousy,byCarolFrost/Poet",0.4111,0.2242,0.0156,0.3437,0.3828,0,0,0.7421,0.0769,2.602758621,332.8,5.15952381,4.192142857,0.705426357,2.355716878,0.031007752,0.023255814
contempPoet,"TheUndressing,byCarolFrost/Poet",0.4246,0.2242,0.0287,0.2733,0.8417,0.0877,0,1.1438,0.0877,2.829593496,344.0091743,5.805,3.851842105,0.676056338,2.382128602,0.035211268,0.014084507
contempPoet,"ToKillaDeer,byCarolFrost/Poet",0.4987,0.2086,0.0301,0.3467,0.4723,0.1527,0,0.8492,0.1805,2.881296296,371.875,5.432340426,4.276382979,0.603015075,2.301839382,0.055276382,0.020100503
contempPoet,"Nostos,LouiseGluck/Poet",0.4037,0.2157,0.0081,0.4754,0.4508,0.1212,0,0.9344,0.1212,2.614722222,330.2045455,6.11547619,3.757857143,0.706349206,2.341700664,0.047619048,0.055555556
contempPoet,"CelestialMusic,byLouiseGluck/Poet",0.6326,0.2213,0.0253,0.4084,0.5014,0.081,0,0.9352,0.099,2.612605863,353.7161017,6.004561404,4.044912281,0.570224719,2.424467388,0.033707865,0.02247191
contempPoet,"HowSimileWorks,byAlbertGoldbarth/Poet",0.3704,0.308,0.0392,0.5098,0.5294,0.0476,0,1.0784,0.0476,2.583953488,326.1343284,6.002692308,3.982307692,0.696078431,2.284104026,0.019607843,0.029411765
contempPoet,"TheOlderChild,byKimikoHahn/Poet",0.273,0.3074,0.0566,0.415,0.4339,0.1111,0,0.9056,0.1111,2.94826087,340.8529412,5.647368421,4.099473684,0.818181818,2.488558245,0.036363636,0.036363636
contempPoet,"ThePorcelainCouple,byDonaldHall/Poet",0.6198,0.2315,0.0267,0.3649,0.5281,0.1452,0,0.9198,0.1538,2.892629482,357.1703297,5.841097561,3.905,0.608955224,2.445513006,0.074626866,0.017910448
contempPoet,"Reuben,Reuben,byMichaelS.Harper/Poet",0.3065,0.1281,0.0476,0.3174,0.4603,0.25,0.0277,0.8253,0.2777,2.884210526,362.047619,5.397777778,4.444074074,0.84375,1.844811391,0.015625,0.015625
contempPoet,"OurLadyoftheSnows,byRobertHass/Poet",0.4061,0.216,0.0161,0.3548,0.4919,0,0.0185,0.8629,0.0185,2.503888889,322.1511628,5.867058824,3.844705882,0.701612903,2.199364643,0.032258065,0.032258065
contempPoet,"TheImage,byRobertHass/Poet",0.3442,0.2314,0.0116,0.4302,0.6627,0,0,1.1046,0,2.576447368,326.5833333,6.34375,3.845416667,0.593023256,2.197989932,0.023255814,0.011627907
contempPoet,"ThoseWinterSundays,byRobertHayden/Poet",0.3606,0.2213,0.052,0.177,0.4687,0.0833,0,0.6979,0.0833,2.587037037,328.3538462,5.747692308,3.875769231,0.773195876,2.478028684,0.030927835,0
contempPoet,"ThisNight,byWilliamHeyen/Poet",0.3901,0.2202,0.0175,0.2368,0.4912,0.0555,0.0138,0.7456,0.0972,2.734255319,336.825,5.777931034,3.622068966,0.678571429,2.597696161,0.017857143,0.008928571
contempPoet,"PlayingDead,byAndrewHudgins/Poet",0.4629,0.2113,0.0176,0.2294,0.3941,0.1538,0.0512,0.6411,0.2051,2.972761194,360.9818182,5.512727273,3.898181818,0.660818713,2.155935459,0.01754386,0.01754386
contempPoet,"DegreesOfGrayInPhilipsburg,byRichardHugo/Poet",0.5972,0.222,0.0325,0.2801,0.6514,0.075,0.0083,0.9641,0.0916,2.776891386,351.8980583,5.654019608,4.140196078,0.664516129,2.08914354,0.025806452,0.022580645
contempPoet,"Absences,byDonaldJustice/Poet",0.3836,0.233,0.0181,0.3272,0.4363,0.1818,0,0.7818,0.1818,2.490537634,332.1298701,5.901333333,3.731333333,0.648148148,1.94011013,0.055555556,0.064814815
contempPoet,"VariationsOnATextByVallejo,byDonaldJustice/Poet",0.581,0.2009,0.0276,0.3979,0.5051,0.0919,0.0114,0.9307,0.1149,2.615568627,330.5980861,5.883972603,3.878493151,0.527586207,2.30536296,0.04137931,0.044827586
contempPoet,"AfterMakingLoveweHearFootsteps,byGalwayKinnell/Poet",0.4716,0.2303,0.0282,0.3841,0.418,0.0877,0,0.8305,0.1052,2.75316129,342.300813,6.056481481,3.927777778,0.710227273,2.355444816,0.028409091,0.017045455
contempPoet,"BlackberryEating,byGalwayKinnell/Poet",0.3557,0.4085,0.0322,0.4086,0.7849,0.3333,0,1.2258,0.3333,2.672428571,348.32,5.481333333,4.308333333,0.72826087,2.714523007,0.032608696,0.02173913
contempPoet,"Thrall,byCarolynKizer/Poet",0.4925,0.2068,0.0154,0.3608,0.4793,0.0574,0,0.8556,0.0919,2.847109827,364.5524476,5.836101695,3.809152542,0.594871795,2.220503628,0.071794872,0.051282051
contempPoet,"TheIntruder,byCarolynKizer/Poet",0.5405,0.3151,0.0327,0.3196,0.7213,0.0476,0.0119,1.0737,0.0714,2.866536585,357.8,5.367804878,4.186829268,0.728395062,2.523980013,0.041152263,0.004115226
contempPoet,"FacingIt,byYusefKomunyakaa/Poet",0.4629,0.2128,0.0352,0.3588,0.5,0.0574,0,0.8941,0.0689,2.995483871,385.7578947,5.798,3.894909091,0.640718563,2.156648547,0.035928144,0.023952096
contempPoet,"AudacityoftheLowerGods,byYusefKomunyakaa/Poet",0.3573,0.3094,0.0425,0.3085,0.4361,0.1538,0,0.7872,0.1538,2.766621622,379.1568627,5.818484848,3.979090909,0.885416667,2.487733648,0.052083333,0.010416667
contempPoet,"HeavenasAnus,byMaxineKumin/Poet",0.4814,0.2283,0.0594,0.3837,0.5837,0.1428,0.0793,1.027,0.2222,2.602162162,309.6842105,5.343,4.2128,0.72826087,2.499606516,0.038043478,0.027173913
contempPoet,"Nurture,byMaxineKumin/Poet",0.4259,0.3011,0.0357,0.4214,0.6,0.1176,0.0196,1.0571,0.1372,2.681570248,337.2093023,5.703396226,4.033962264,0.744680851,2.631669669,0.014184397,0.014184397
contempPoet,"TheAbduction,byStanleyKunitz/Poet",0.5576,0.2234,0.0152,0.3688,0.5627,0.0797,0.0072,0.9467,0.0942,2.700692641,333.1618497,5.907076923,3.918153846,0.640151515,2.36273044,0.049242424,0.022727273
contempPoet,"MyIndigo,byLi-YoungLee/Poet",0.336,0.2089,0,0.5061,0.5555,0.0769,0,1.0617,0.1025,2.777464789,347.2363636,5.796785714,3.891785714,0.756097561,2.32602728,0.048780488,0.012195122
contempPoet,"EatingAlone,byLi-YoungLee/Poet",0.4802,0.2014,0.0217,0.3586,0.5706,0.0317,0,0.951,0.0317,2.916644737,361.2711864,5.560166667,3.901333333,0.677595628,2.366173888,0.054644809,0.016393443
contempPoet,"TheMutes,byDeniseLevertov/Poet",0.5153,0.2129,0.037,0.3657,0.5138,0.0427,0.0085,0.9166,0.0683,2.620486486,336.4071429,5.7182,4.06,0.637209302,2.1264203,0.023255814,0.023255814
contempPoet,"Wedding-Ring,byDeniseLevertov/Poet",0.4049,0.2177,0.0243,0.3821,0.4471,0.0877,0,0.8536,0.1052,2.462871287,320.8414634,5.777878788,3.814545455,0.729508197,2.042533039,0.057377049,0.016393443
contempPoet,"TheyFeedTheyLion,byPhilipLevine/Poet",0.5432,0.208,0.0242,0.4493,0.5789,0.043,0,1.0526,0.0645,2.858564593,338.6686391,5.819473684,4.070921053,0.510121457,2.385207188,0.068825911,0.008097166
contempPoet,"AnimalsArePassingFromOurLives,byPhilipLevine/Poet",0.416,0.226,0.0303,0.3333,0.5606,0.1594,0.0144,0.9242,0.1884,2.923486239,343.3125,5.7172,4.111,0.704545455,2.493311276,0.037878788,0.037878788
contempPoet,"""ToSpeakofWoeThatIsinMarriage"",byRobertLowell/Poet",0.3852,0.2214,0.045,0.2882,0.4954,0.1388,0.1388,0.8288,0.2777,2.716071429,345.9428571,5.855757576,4.328787879,0.783018868,2.238784608,0.047169811,0.018867925
contempPoet,"Onions,byWilliamMatthews/Poet",0.5576,0.2247,0.0228,0.441,0.6692,0.0833,0,1.133,0.1333,2.669911111,317.2590361,5.573815789,4.080394737,0.632183908,2.341934903,0.053639847,0
contempPoet,"CharlesonFire,byJamesMerrill/Poet",0.4975,0.3132,0.0101,0.4494,0.6212,0.1666,0.0138,1.0808,0.1805,2.70754491,344.0894309,5.923541667,3.950625,0.746192893,2.352733533,0.030456853,0.030456853
contempPoet,"body,byJamesMerrill/Poet",0.318,0.2075,0.0285,0.1857,0.5428,0,0.0833,0.7571,0.0833,2.6704,331.7692308,5.75625,3.92875,0.857142857,2.477287521,0,0.042857143
contempPoet,"FortheAnniversaryofMyDeath,byW.S.Merwin/Poet",0.3393,0.2087,0.0481,0.3493,0.518,0.0303,0,0.9156,0.0606,2.583670886,338.5833333,6.068846154,3.891538462,0.726190476,2.015519486,0.047619048,0.023809524
contempPoet,"WhenYouGoAway,byW.S.Merwin/Poet",0.3688,0.1202,0,0.4158,0.4455,0.1,0.0333,0.8613,0.1333,2.554470588,313.2972973,5.870714286,3.542857143,0.693069307,2.136133191,0.02970297,0.059405941
contempPoet,"MinorMiracle,byMarilynNelson/Poet",0.5504,0.2294,0.0274,0.2313,0.6078,0.0808,0,0.8666,0.0909,2.890201005,372.2818792,5.616716418,3.996865672,0.638554217,2.392432373,0.036144578,0.016064257
contempPoet,"TheSmallVasesfromHebron,byNaomiShihabNye/Poet",0.4827,0.2299,0.0107,0.3494,0.5161,0.0729,0,0.8763,0.0833,2.822138365,340.5901639,5.874754098,3.790819672,0.700534759,2.522324427,0.042780749,0.016042781
contempPoet,"Hello,byNaomiShihabNye/Poet",0.5297,0.2062,0.0301,0.3017,0.4698,0.0731,0,0.8017,0.0731,2.823853659,343.2994012,5.560714286,3.843428571,0.637931034,2.35087129,0.060344828,0.00862069
contempPoet,"PersonalPoem,byFrankO'Hara/Poet",0.5711,0.1302,0.0215,0.3776,0.5,0.0937,0.0104,0.8992,0.125,2.55,331.2983425,6.003658537,4.050853659,0.596428571,2.126337628,0.032142857,0.014285714
contempPoet,"WhyIAmNotAPainter,byFrankO'Hara/Poet",0.495,0.1065,0.0102,0.3163,0.454,0.0864,0,0.7806,0.1111,2.673101266,338.5354331,6.227692308,3.886346154,0.502538071,2.018560554,0.045685279,0.015228426
contempPoet,"May1968,bySharonOlds/Poet",0.5675,0.2012,0.0255,0.3941,0.4343,0.0952,0,0.854,0.1142,2.785814978,338.7027027,5.920882353,3.872647059,0.588447653,1.956223548,0.036101083,0.032490975
contempPoet,"UniversityHospital,Boston,byMaryOliver/Poet",0.581,0.2234,0.0346,0.3667,0.4532,0.1031,0.0079,0.8546,0.1349,2.582734375,332.8883721,5.538023256,3.971395349,0.629757785,2.086288833,0.01384083,0.041522491
contempPoet,"TheSummerDay,byMaryOliver/Poet",0.4543,0.1264,0.0306,0.2392,0.4171,0.1176,0,0.6871,0.1176,2.533877551,323.2357724,5.712790698,3.95744186,0.591463415,2.060920548,0.030487805,0.012195122
contempPoet,"DearestReader,byMichaelPalmer/Poet",0.3754,0.3094,0.0571,0.4761,0.4952,0.0666,0.0222,1.0285,0.0888,2.979090909,357.6615385,5.823636364,3.91969697,0.761904762,2.492009638,0.066666667,0
contempPoet,"Aubade:SomePeaches,AfterStorm,byCarlPhillips/Poet",0.4086,0.2257,0.0476,0.2698,0.5396,0.0606,0.0151,0.8571,0.0909,2.437657658,313.8333333,5.803529412,3.896764706,0.822580645,2.252437545,0.056451613,0.024193548
contempPoet,"CrossingTheWater,SylviaPlath/Poet",0.359,0.2208,0.0631,0.5263,0.6631,0.0333,0,1.2526,0.0333,2.798433735,353.0149254,5.600294118,3.851470588,0.736842105,2.101402896,0.031578947,0
contempPoet,"Power,byAdrienneRich/Poet",0.4086,0.3018,0.0317,0.4523,0.4603,0.1333,0,0.9444,0.1777,2.642222222,343.3424658,5.433666667,4.042666667,0.663934426,1.982992997,0.032786885,0.016393443
contempPoet,"RootCellar,byTheodoreRoethke/Poet",0.3262,0.3192,0.04,0.28,0.7333,0.1851,0,1.0533,0.1851,2.795636364,349.8611111,5.147916667,4.065416667,0.878378378,3.129736103,0.040540541,0
contempPoet,"TheRoomofMyLife,byAnneSexton/Poet",0.4975,0.213,0.0151,0.3686,0.4898,0.0404,0,0.8737,0.0707,2.699090909,332.2781955,5.946428571,4.236071429,0.621212121,2.324016132,0.075757576,0.025252525
contempPoet,"HerKind,byAnneSexton/Poet",0.4271,0.2248,0.0141,0.2907,0.5531,0.2631,0.1754,0.8581,0.5263,2.596902655,336.6551724,5.752,4.12125,0.638297872,2.509040591,0.028368794,0.021276596
contempPoet,"Fork,byCharlesSimic/Poet",0.2923,0.1333,0,0.3448,0.4482,0.1904,0,0.7931,0.1904,2.720185185,337.9565217,5.556363636,4.143636364,0.796610169,2.240361399,0.084745763,0.033898305
contempPoet,"MyNoiselessEntourage,byCharlesSimic/Poet",0.416,0.2165,0.0227,0.3939,0.5227,0.0333,0,0.9393,0.0833,2.637522124,334.5340909,5.304571429,4.021428571,0.766917293,2.022562553,0.022556391,0.022556391
contempPoet,"WorkingLate,byLouisSimpson/Poet",0.5207,0.2086,0.018,0.3873,0.3873,0.0729,0.0208,0.7927,0.0937,2.68774359,335.3589744,5.644923077,3.799384615,0.614349776,2.188829855,0.044843049,0.035874439
contempPoet,"CleaningaFish,byDaveSmith/Poet",0.5369,0.2058,0.025,0.3958,0.45,0.0666,0,0.8708,0.0666,2.683098592,361.0481928,5.856285714,4.138428571,0.620833333,2.241529905,0.054166667,0.008333333
contempPoet,"Pacemaker,byW.D.Snodgrass/Poet",0.5207,0.3162,0.045,0.3513,0.6216,0.1264,0.0229,1.018,0.1839,2.781410256,347.9516129,5.372571429,4.144571429,0.714953271,2.403012517,0.028037383,0.004672897
contempPoet,"HayfortheHorses,byGarySynder/Poet",0.4111,0.2289,0.0312,0.3046,0.6484,0.0454,0,0.9843,0.0454,2.836804124,341.6282051,5.469459459,3.966486486,0.763779528,2.437729435,0.039370079,0.015748031
contempPoet,"Oranges,byGarySoto/Poet",0.5531,0.2079,0.0387,0.3178,0.5465,0.0987,0,0.9031,0.0987,2.825525114,367.1935484,5.900625,3.93578125,0.611538462,2.255746027,0.046153846,0.030769231
contempPoet,"Glass-BottomBoat,byElizabethSpires/Poet",0.6056,0.3006,0.022,0.3753,0.4921,0.0679,0.0123,0.8895,0.0802,2.635858209,338.0344828,5.937078652,3.94,0.641269841,2.337378528,0.044444444,0.025396825
contempPoet,"Gin,byDavidSt.John/Poet",0.612,0.2216,0.0153,0.4018,0.4417,0.0396,0,0.8588,0.0634,2.829084746,358.7022222,5.758190476,3.869904762,0.642201835,2.36538545,0.067278287,0.018348624
contempPoet,"TravelingthroughtheDark,byWilliamStafford/Poet",0.4469,0.2097,0.0445,0.2866,0.4012,0.0833,0,0.7324,0.0833,2.808432836,354.5849057,5.471458333,4.0175,0.692307692,2.276730896,0.044871795,0
contempPoet,"NoticeWhatThisPoemIsNotDoing,byWilliamStafford/Poet",0.3901,0.2028,0.0175,0.4385,0.5087,0.0238,0,0.9649,0.0714,2.632673267,334.2222222,6.110625,3.78125,0.573913043,1.785681994,0.052173913,0.008695652
contempPoet,"TheDancing,byGeraldStern/Poet",0.437,0.216,0.0335,0.3691,0.4496,0.0196,0,0.8523,0.0588,2.770564516,345.969697,5.631621622,4.211351351,0.693333333,2.555922847,0.033333333,0.006666667
contempPoet,"ThePrediction,byMarkStrand/Poet",0.3704,0.2148,0.0294,0.4607,0.6078,0.0666,0,1.098,0.0666,2.860217391,380.2054795,6.058518519,3.804444444,0.601941748,2.099794235,0.038834951,0.029126214
contempPoet,"TheNight,ThePorch,byMarkStrand/Poet",0.4037,0.1262,0.0327,0.2704,0.4508,0.1481,0,0.754,0.1481,2.391551724,310.6,6.180588235,3.760294118,0.680327869,1.956191112,0.032786885,0.057377049
contempPoet,"Letter,byJeanValentine/Poet",0.4037,0.2216,0.0901,0.5245,0.459,0.0666,0,1.0737,0.1111,2.818989899,361.7654321,5.926046512,4.004651163,0.65,2.355338121,0.091666667,0.025
contempPoet,"Year‚ÄôsEnd,byEllenBryantVoigt/Poet",0.5099,0.2107,0.019,0.3714,0.5857,0.1458,0,0.9761,0.1666,2.715833333,354.1392405,5.561857143,3.944714286,0.639810427,2.170456492,0.033175355,0.028436019
contempPoet,"InTracklessWoods,byRichardWilbur/Poet",0.3786,0.2104,0.0093,0.2897,0.4953,0.0555,0.1388,0.7943,0.1944,2.468539326,323.4782609,5.481111111,3.832962963,0.75,2.272943981,0.027777778,0.009259259
contempPoet,"TheSinging,byC.K.Williams/Poet",0.6269,0.2139,0.0547,0.3573,0.4812,0.0935,0,0.8933,0.0994,2.626338983,340.6085106,5.93775,3.942375,0.549132948,2.088829812,0.011560694,0.014450867
contempPoet,"MoreBluesandtheAbstractTruth,byC.D.Write/Poet",0.5396,0.1327,0.0329,0.3909,0.4897,0.054,0.009,0.9135,0.063,2.812546296,346.4268293,5.796341463,3.920853659,0.596707819,1.976678205,0.061728395,0.024691358
contempPoet,"ApproximatelyForever,byC.D.Wright/Poet",0.3196,0.2194,0.014,0.3661,0.4788,0.1388,0,0.8591,0.1666,2.64265625,350.0185185,6.260769231,4.047692308,0.819444444,2.17549915,0.013888889,0.013888889
contempPoet,"ClearNight,byCharlesWright/Poet",0.4024,0.1311,0.033,0.2396,0.6363,0.2,0,0.909,0.3,2.666170213,351.15,6.07175,3.9685,0.621848739,2.041096454,0.033613445,0.016806723
contempPoet,"LyinginaHammockatWilliamDuffy‚ÄôsFarminPineIsland,Minnesota,byJamesWright/Poet",0.3377,0.2216,0.0121,0.439,0.5609,0.1212,0,1.0121,0.1212,3.006197183,368.9622642,6.135333333,3.672333333,0.759036145,2.279790966,0.036144578,0.036144578
contempPoet,"ABlessing,byJamesWright/Poet",0.4641,0.2131,0.0116,0.2748,0.4093,0.106,0,0.6959,0.106,2.725533333,347.7615385,6.001964286,3.901428571,0.680232558,2.410250111,0.029069767,0.023255814
contempAmateur,Onlybutadream/Amateur,0.5585,0.1074,0.0303,0.3068,0.4545,0.0579,0.0144,0.7916,0.0869,2.631081081,332.467033,5.973209877,3.813333333,0.542307692,1.844415438,0.034615385,0.030769231
contempAmateur,Dr.HeinzDoofenshmirtz/Amateur,0.4333,0.1229,0.041,0.2739,0.3972,0.0533,0.04,0.7123,0.1066,2.478608696,320.1630435,5.534186047,4.075581395,0.664383562,2.093246628,0.020547945,0.034246575
contempAmateur,Freedom/Amateur,0.3114,0.2119,0.0303,0.5606,0.3787,0.0476,0,0.9696,0.0952,2.3965625,328.4464286,6.789,4.054333333,0.597014925,1.703536557,0.014925373,0.104477612
contempAmateur,Thefoolishman/Amateur,0.5369,0.1278,0.0291,0.2916,0.5791,0.0897,0.1538,0.9,0.2435,2.674215686,351.2065217,5.689113924,3.815189873,0.55186722,2.22593552,0.074688797,0.01659751
contempAmateur,Liveforthemoment/Amateur,0.3409,0.1019,0.0119,0.3452,0.488,0.074,0.0925,0.8452,0.1666,2.431333333,331.047619,5.653103448,4.332413793,0.682352941,1.985340894,0.082352941,0.070588235
contempAmateur,Eatenup/Amateur,0.3245,0.2186,0,0.4324,0.8108,0.1176,0,1.2432,0.1764,2.555967742,330.1176471,5.656,4.089,0.733333333,2.092045963,0.026666667,0.093333333
contempAmateur,GatesofGoodbye/Amateur,0.4358,0.2214,0.027,0.2702,0.6283,0.1014,0.1884,0.9256,0.3623,2.511574803,340.9901961,5.845,4.012666667,0.765100671,2.330017425,0.020134228,0.053691275
contempAmateur,truebeauty/Amateur,0.3655,0.208,0.0202,0.5959,0.7272,0.1875,0.0833,1.3434,0.2916,2.373913043,364.6049383,6.732903226,4.520967742,0.47,1.885321236,0,0.18
contempAmateur,AWalkinthePark/Amateur,0.3442,0.118,0.0465,0.3837,0.5232,0.1818,0.0909,0.9534,0.303,2.919866667,360.0357143,5.897916667,3.907083333,0.597701149,2.188712698,0.057471264,0.068965517
contempAmateur,Thetwoofthem/Amateur,0.3409,0.305,0.0476,0.488,0.7023,0.0784,0.098,1.238,0.1764,2.67119403,336.7017544,6.13,4.382352941,0.702380952,2.50839842,0.011904762,0
contempAmateur,Yourlife/Amateur,0.4407,0.2169,0.0328,0.4802,0.5986,0.0869,0.2608,1.1118,0.4057,2.362518519,303.7884615,5.217021277,4.05,0.673202614,2.441551503,0.026143791,0.032679739
contempAmateur,Thingwehavelostinfire/Amateur,0.318,0.3014,0.0142,0.3285,0.6285,0.037,0.0185,0.9714,0.0555,2.650793651,350.3111111,5.711111111,3.932592593,0.85915493,2.803400422,0,0.028169014
contempAmateur,MotherRabbit/Amateur,0.3622,0.3061,0.0206,0.3711,0.7731,0.2424,0.1818,1.1649,0.4545,2.67369863,325.1176471,5.4,4.1332,0.744897959,2.533861798,0.06122449,0
contempAmateur,Aurora/Amateur,0.2846,0.1087,0.0357,0.4285,0.4285,0.2222,0.0555,0.8928,0.2777,2.8368,348.125,5.226666667,3.959333333,0.719298246,2.106896187,0.035087719,0.035087719
contempAmateur,Boytoaman/Amateur,0.3983,0.1166,0.0252,0.2352,0.4957,0.0416,0,0.7563,0.125,2.69287037,344.3837209,5.609189189,4.087837838,0.616666667,1.842839642,0.05,0.016666667
contempAmateur,Goodbyepoem/Amateur,0.4086,0.1123,0.0238,0.3015,0.4206,0.0416,0.125,0.746,0.2083,2.5249,355.0217391,6.666,4.341714286,0.472440945,1.8804149,0.007874016,0.015748031
contempAmateur,Readme/Amateur,0.3081,0.203,0,0.3281,0.3125,0.1111,0,0.6406,0.1111,2.505084746,310.26,5.056666667,4.127222222,0.707692308,2.100799941,0.015384615,0.015384615
contempAmateur,Angeleyes/Amateur,0.3622,0.2142,0.0618,0.3402,0.6597,0.1481,0.0555,1.0618,0.2407,2.854651163,356.3230769,6.68,4.182222222,0.785714286,2.683602397,0.010204082,0.010204082
contempAmateur,AnotherChapter/Amateur,0.3672,0.2072,0.03,0.3,0.27,0.0185,0.0925,0.6,0.1111,2.473625,345.6933333,5.922413793,4.553793103,0.73,1.867441954,0.03,0.06
contempAmateur,SelfReserved/Amateur,0.4592,0.1095,0.0239,0.2694,0.3413,0.0444,0.1555,0.6347,0.3555,2.460202703,314.1007752,6.2025,4.102045455,0.591715976,1.957976498,0.029585799,0.035502959
contempAmateur,Yetthesunstillsleeps.../Amateur,0.4222,0.128,0.0729,0.2846,0.6058,0.0454,0.0909,0.9635,0.1666,2.810598291,347.0217391,5.663877551,4.152040816,0.605839416,2.347488351,0.058394161,0.02189781
contempAmateur,Letlovebeasone/Amateur,0.4049,0.122,0.0325,0.2601,0.4308,0.1333,0,0.7235,0.1777,2.481061947,347.8265306,6.003035714,3.808571429,0.588709677,2.008100829,0.016129032,0.040322581
contempAmateur,"Charlotte,Emily,andAnne/Amateur",0.3852,0.2273,0.045,0.3243,0.6846,0.037,0.074,1.054,0.1111,2.609784946,334.2702703,5.92125,3.85875,0.723214286,2.602544361,0.008928571,0.017857143
contempAmateur,Cappuccino/Amateur,0.5126,0.3059,0.0093,0.291,0.4788,0.0588,0.0098,0.7793,0.0882,2.733251534,353.7083333,6.102837838,3.929189189,0.671361502,2.412291128,0.037558685,0.03286385
contempAmateur,Pleasuretrip/Amateur,0.4024,0.3191,0.0661,0.3636,0.6859,0.1428,0.0476,1.1157,0.1904,2.650096154,319.8450704,5.287272727,3.917878788,0.68852459,2.725348803,0.016393443,0.024590164
contempAmateur,IthoughtIknew/Amateur,0.479,0.1275,0.0218,0.3005,0.3333,0.0588,0.0392,0.6557,0.1764,2.455855263,325.3968254,5.75953125,4.0665625,0.614130435,2.00924142,0.032608696,0.070652174
contempAmateur,Whereisourfateformed?/Amateur,0.3524,0.2086,0.0109,0.3846,0.5604,0.0333,0.1,0.956,0.1333,2.702564103,337.5,6.279,3.952,0.677419355,2.177970101,0.032258065,0.021505376
contempAmateur,Sometimes/Amateur,0.5423,0.2145,0.0406,0.3536,0.5162,0.0333,0,0.9105,0.0333,2.646467662,332.52,5.962923077,4.04,0.487804878,1.880705756,0.020325203,0.036585366
contempAmateur,Life/Amateur,0.5207,0.2128,0.0405,0.2342,0.6261,0.1818,0.2424,0.9009,0.4444,2.486903553,322.2307692,5.40975,4.292875,0.600896861,2.165588643,0.035874439,0.022421525
contempAmateur,Youcancry/Amateur,0.4172,0.1243,0.015,0.2932,0.4661,0.1111,0.2222,0.7744,0.3333,2.629911504,332.3434343,4.810833333,4.288958333,0.614814815,2.109846249,0.037037037,0
contempAmateur,Breakingheart/Amateur,0.4469,0.1248,0.0191,0.1783,0.4585,0.1212,0.1666,0.656,0.2878,2.628666667,341.7631579,5.414222222,4.42,0.639240506,2.142623641,0.037974684,0.006329114
contempAmateur,AndaMerryChristmastoYou/Amateur,0.5306,0.2028,0.03,0.4248,0.4034,0.2391,0.0724,0.8583,0.3405,2.302688679,328.5357143,5.742293578,4.259174312,0.260683761,1.984976698,0.021367521,0.106837607
contempAmateur,Everybodylikesmyclock/Amateur,0.3885,0.2315,0.0353,0.3893,0.646,0.0925,0.1111,1.0707,0.2037,2.747764706,333.0923077,5.590645161,3.892258065,0.637168142,2.554891688,0.088495575,0.03539823
contempAmateur,Inearlyfell/Amateur,0.4567,0.1333,0.0242,0.3636,0.5272,0.2,0.1066,0.9151,0.4266,2.655681818,353.3303571,6.000571429,4.137428571,0.602409639,2.563133184,0.036144578,0.006024096
contempAmateur,Denial/Amateur,0.3147,0.2173,0.0441,0.2647,0.3676,0.1111,0,0.6764,0.1111,2.409137931,330,5.962916667,4.2325,0.732394366,1.842721983,0.014084507,0.056338028
contempAmateur,Wintersilence/Amateur,0.125,0.2126,0.05,0.5,0.4,0.0833,0.0833,0.95,0.1666,2.69125,309.2,6.125,4.765,0.761904762,1.993175832,0,0
contempAmateur,Demonsandscars/Amateur,0.5072,0.1211,0.0144,0.3285,0.4637,0.0769,0.0384,0.8067,0.1666,2.422298137,316.6771654,5.394583333,3.98375,0.557692308,2.065516455,0.024038462,0.019230769
contempAmateur,ThefirsttimeIsawyou.../Amateur,0.4716,0.2071,0.0169,0.2655,0.4632,0.0303,0.106,0.7457,0.1515,2.462628205,328.7401575,6.262916667,4.182708333,0.629213483,2.088369986,0.02247191,0.04494382
contempAmateur,Sister/Amateur,0.4555,0.1236,0.0304,0.2134,0.4695,0.0476,0.0952,0.7134,0.1746,2.746258065,365.0984848,6.235915493,3.987746479,0.563636364,2.015813587,0.060606061,0.048484848
contempAmateur,ForThee/Amateur,0.3049,0.1174,0,0.2741,0.3548,0.1666,0.0333,0.629,0.2333,2.36,338.2325581,6.761666667,4.356666667,0.640625,2.336042612,0,0
contempAmateur,PreciousLord/Amateur,0.3491,0.1207,0.0561,0.2471,0.7752,0.1666,0.0666,1.0786,0.2333,2.750246914,370.0533333,6.152941176,4.295588235,0.677777778,2.326291878,0.022222222,0.033333333
contempAmateur,Loveislike/Amateur,0.3721,0.1153,0.0582,0.398,0.3786,0.119,0.0952,0.8349,0.238,2.728315789,352.7972973,6.345757576,4.167575758,0.644230769,1.786089387,0,0.028846154
contempAmateur,Life2/Amateur,0.3754,0.1157,0.038,0.1619,0.5142,0.0757,0.0454,0.7142,0.1515,2.424891304,335.1025641,5.991944444,4.430833333,0.650943396,2.214069291,0.018867925,0.018867925
contempAmateur,ToBeYoungAndNaive/Amateur,0.5576,0.2148,0.0304,0.2775,0.5323,0.0256,0.1666,0.8403,0.1923,2.470729614,327.9427083,5.664791667,3.99875,0.536121673,2.01771899,0.053231939,0.038022814
contempAmateur,WhyIloveYou/Amateur,0.4555,0.0744,0.0121,0.25,0.3109,0.0769,0.0256,0.5731,0.1538,2.588857143,340.7258065,6.636744186,4.24372093,0.509090909,1.783878209,0.006060606,0
contempAmateur,FirstLove/Amateur,0.6269,0.1074,0.0403,0.2017,0.4149,0.0854,0.0512,0.657,0.1538,2.702307692,339.0846154,5.7914,4.1352,0.436781609,1.816582068,0.017241379,0.017241379
contempAmateur,MissYou/Amateur,0.3508,0.1194,0.0333,0.2,0.3555,0.0512,0,0.5888,0.0512,2.506024096,326.32,6.565263158,3.722105263,0.615384615,1.811861299,0.021978022,0.054945055
contempAmateur,THEENDHADCOME/Amateur,0.3557,0.1141,0.0107,0.215,0.301,0,0.2333,0.5268,0.2333,2.421724138,321.0945946,5.461153846,4.071923077,0.744680851,1.845694091,0.031914894,0.063829787
contempAmateur,BABYOFPOVERTY/Amateur,0.3622,0.3006,0.0412,0.3814,0.4123,0.1296,0,0.835,0.1851,2.529302326,350.5428571,5.846451613,4.791935484,0.663265306,2.291212091,0,0.051020408
contempAmateur,BrokenHome/Amateur,0.395,0.1293,0.0256,0.2649,0.2307,0.1111,0.1481,0.5213,0.2592,2.7636,355.6219512,5.557142857,3.879285714,0.728813559,1.994926114,0.101694915,0.050847458
contempAmateur,MyThoughtsOnLove/Amateur,0.5756,0.1253,0.0318,0.3321,0.5229,0.049,0,0.8869,0.245,2.357739464,311.0273973,6.242191781,4.109178082,0.464788732,1.893760194,0.017605634,0.031690141
contempAmateur,TakeMeBack/Amateur,0.4604,0.075,0.0238,0.1607,0.3214,0.0625,0.0208,0.5059,0.1041,2.613888889,336.3015873,5.872040816,3.976122449,0.563636364,1.829100846,0.03030303,0.048484848
contempAmateur,AFriendIs/Amateur,0.3311,0.1223,0.0256,0.3846,0.3974,0.1111,0.1111,0.8076,0.2222,2.48,347.0819672,6.021666667,4.0625,0.544303797,1.698292643,0.025316456,0.012658228
contempAmateur,THEGARDEN/Amateur,0.4259,0.1328,0.0214,0.4,0.4,0.0238,0,0.8214,0.0476,2.449756098,325.2844037,6.726136364,3.893181818,0.553191489,1.969123662,0.028368794,0.042553191
contempAmateur,Insomnia/Amateur,0.5207,0.2014,0.0225,0.3513,0.4009,0.0588,0.2058,0.7747,0.2745,2.433582888,309.239726,5.725932203,3.82440678,0.569506726,2.123758547,0.040358744,0.022421525
contempAmateur,UnrequitedLove/Amateur,0.4123,0.3297,0,0.4651,0.3875,0.0952,0.0158,0.8527,0.1269,2.417181818,325.8382353,6.008888889,4.384444444,0.723076923,2.710471159,0.007692308,0.046153846
contempAmateur,Wavering/Amateur,0.3147,0.3265,0.0147,0.4558,0.8529,0.074,0.0925,1.3235,0.1666,2.532884615,324.8205128,5.481538462,4.233846154,0.814285714,2.211969291,0,0.014285714
contempAmateur,GardenofShatteredDreams/Amateur,0.3688,0.3222,0.0495,0.297,0.5445,0.119,0,0.891,0.1428,2.6645,340.2575758,6.338928571,3.869285714,0.833333333,2.503239137,0.009803922,0.039215686
contempAmateur,ThinkingOfYou/Amateur,0.3983,0.1205,0.042,0.3445,0.3445,0.0555,0.1111,0.731,0.1666,2.655185185,346.9247312,5.896341463,3.959756098,0.683333333,1.968605492,0.05,0.025
contempAmateur,Myheartbleeds/Amateur,0.4839,0.2209,0.0374,0.3689,0.4438,0.0757,0.0909,0.8502,0.1818,2.738881988,364.0839161,6.050172414,4.614137931,0.510638298,2.069836813,0.015957447,0.015957447
contempAmateur,TimeIsn'tAlwaysagoodthing/Amateur,0.3836,0.1033,0.0181,0.3454,0.2818,0.1515,0.1515,0.6454,0.4545,2.693207547,357.1666667,5.607083333,4.139583333,0.630630631,1.969858306,0.027027027,0.045045045
contempAmateur,IsItReallyLove/Amateur,0.4518,0.1275,0.0372,0.4534,0.4968,0.0416,0.0972,0.9875,0.1805,2.478986486,329.7890625,6.441875,4.153125,0.641975309,2.165930663,0.049382716,0.018518519
contempAmateur,SameOle'Story/Amateur,0.3721,0.1128,0.0776,0.2718,0.5339,0.0277,0,0.8834,0.0277,2.768265306,337.5568182,6.058787879,3.852121212,0.538461538,1.645294119,0.028846154,0.057692308
contempAmateur,Restored/Amateur,0.4493,0.2066,0.0125,0.2893,0.3962,0.0666,0.1333,0.6981,0.2333,2.554189189,332.1052632,6.522553191,4.271914894,0.639751553,2.124194093,0.02484472,0.037267081
contempAmateur,DoYou?/Amateur,0.4419,0.1216,0.013,0.2679,0.3529,0.0757,0.0454,0.6339,0.2575,2.340305344,314.4642857,5.968679245,3.976603774,0.512987013,2.009163143,0.006493506,0.045454545
contempAmateur,AdoptionisLove/Amateur,0.2923,0.3005,0.0344,0.5344,0.4137,0.0416,0.1666,0.9827,0.2499,2.334791667,322.5641026,6.98625,4.479375,0.745762712,2.340558615,0.050847458,0.016949153
contempAmateur,RoadtoHappiness/Amateur,0.479,0.1112,0.0273,0.2185,0.459,0.0555,0.0555,0.7049,0.1269,2.510243902,328.7412587,5.988837209,4.343255814,0.559782609,1.866194007,0.016304348,0.016304348
contempAmateur,Untitled1/Amateur,0.3934,0.1247,0.0344,0.1637,0.4224,0,0.1944,0.6206,0.1944,2.785855856,354.1078431,6.515,4.055909091,0.598290598,1.705338417,0.025641026,0.025641026
contempAmateur,Reflection/Amateur,0.3639,0.202,0.0204,0.3163,0.5408,0.1212,0,0.8775,0.1515,2.600722892,343.2428571,5.271034483,3.927241379,0.666666667,2.250740025,0.02020202,0.01010101
contempAmateur,ADREAMWITHINADREAM/Amateur,0.4111,0.0759,0.0234,0.3593,0.3593,0.0166,0.1333,0.7421,0.15,2.479655172,332.8586957,5.8,4.054,0.643410853,2.137198789,0.007751938,0.023255814
contempAmateur,Waiting/Amateur,0.4259,0.2146,0.0214,0.2642,0.3928,0.0634,0.0952,0.6785,0.1587,2.452416667,318.0526316,5.712258065,4.213548387,0.602836879,2.060782675,0.007092199,0.014184397
contempAmateur,TheWar/Amateur,0.3393,0.2277,0.0481,0.3373,0.3855,0.1481,0.074,0.771,0.2222,2.512972973,327.015873,5.483636364,4.292727273,0.785714286,2.080701738,0.047619048,0.05952381
contempAmateur,OnaMoonlitNight/Amateur,0.4358,0.3261,0.0743,0.4256,0.5743,0.0512,0.0128,1.0743,0.0641,2.87440678,354.2921348,6.1224,3.8466,0.734693878,2.495375831,0.034013605,0.020408163
contempAmateur,TraipsingonBantayanShore/Amateur,0.4876,0.202,0.0368,0.2105,0.4789,0.0701,0.0087,0.7263,0.0877,2.628291139,352.3382353,6.073454545,4.324363636,0.657754011,2.215571172,0.010695187,0.026737968
contempAmateur,youaremyangel/Amateur,0.3491,0.1007,0.0449,0.2022,0.3146,0.098,0.0588,0.5617,0.196,2.414625,316.260274,6.314642857,3.728928571,0.544444444,1.897324006,0.066666667,0.011111111
contempAmateur,IKnow/Amateur,0.536,0.1033,0.0167,0.251,0.3096,0.0909,0.1666,0.5774,0.2878,2.328555556,310.6706587,6.035955056,3.814719101,0.420833333,1.786992048,0.004166667,0.045833333
contempAmateur,TheWayThatYouLeftMe/Amateur,0.6226,0.1058,0.041,0.2434,0.387,0.0387,0.0387,0.6715,0.1472,2.476019737,326.8804348,5.718829787,4.261489362,0.426900585,1.714586524,0.026315789,0.026315789
contempAmateur,WaitingforLove/Amateur,0.3655,0.1306,0.0606,0.2626,0.3131,0.0333,0.1666,0.6363,0.2333,2.705882353,321.109589,5.897083333,3.847083333,0.66,1.825337843,0.02,0
contempAmateur,alovewithoutgood-byes/Amateur,0.4271,0.222,0.0425,0.2553,0.617,0.0869,0.0869,0.9148,0.1884,2.492051282,347.5425532,5.815918367,4.13,0.742857143,2.008668209,0.028571429,0.05
contempAmateur,Wailofawave/Amateur,0.4543,0.3032,0.0552,0.3803,0.6932,0.2777,0,1.1288,0.2777,2.596014493,331.6,5.943207547,4.086792453,0.72392638,2.536025941,0.073619632,0.030674847
contempAmateur,Yourstillhere/Amateur,0.4975,0.1206,0.0151,0.2474,0.4343,0.0303,0.1515,0.6969,0.1818,2.532951807,324.7278912,5.277321429,4.037678571,0.572864322,1.828911959,0.030150754,0.030150754
contempAmateur,Why?/Amateur,0.5828,0.1134,0.0309,0.2646,0.2989,0.0427,0.1623,0.5945,0.2735,2.722706767,340.1415929,5.951518987,4.130632911,0.304794521,1.947334956,0.010273973,0.01369863
contempAmateur,Alwaysonmymind./Amateur,0.3229,0.1198,0.041,0.315,0.4109,0,0.1333,0.7671,0.1333,2.46,328.6538462,6.305263158,3.751578947,0.635135135,1.648774114,0.013513514,0.013513514
contempAmateur,"Lonelyinthedarkroom""/Amateur",0.3967,0.1114,0.0169,0.2542,0.4406,0.1515,0,0.7118,0.1818,2.7373,346.3636364,6.008571429,3.892619048,0.546218487,1.803908431,0.067226891,0.016806723
contempAmateur,Untitled2/Amateur,0.3573,0.2175,0.0319,0.5212,0.4787,0.1875,0.0208,1.0319,0.2916,2.288295455,345.6849315,6.768214286,4.52,0.684210526,1.896201099,0.052631579,0.031578947
contempAmateur,AsOne/Amateur,0.3278,0.0761,0.0789,0.1973,0.5789,0,0,0.8552,0.7777,2.870410959,367.173913,6.5108,3.9656,0.467532468,1.668060515,0.038961039,0.051948052
contempAmateur,lifegoeson/Amateur,0.3032,0.1279,0,0.2131,0.4098,0.2916,0.125,0.6229,0.5833,2.548928571,339.5918367,6.431578947,4.719473684,0.612903226,1.779418088,0.016129032,0.048387097
contempAmateur,EverlastingLove/Amateur,0.3262,0.114,0.0266,0.2666,0.3066,0,0.1666,0.6,0.25,2.5753125,337.4727273,5.911363636,4.025,0.671052632,1.778882591,0.039473684,0.013157895
contempAmateur,ethicsoftheblacks/Amateur,0.2615,0.2287,0,0.38,0.48,0.0833,0,0.86,0.0833,2.737209302,329.75,5.958333333,3.840833333,0.745098039,2.200672709,0,0
contempAmateur,HazedMaze/Amateur,0.4456,0.1256,0.0384,0.4038,0.5192,0,0.1458,0.9615,0.2083,2.439275362,326.2212389,5.71245283,4.324528302,0.611464968,1.84030172,0.01910828,0.044585987
contempAmateur,MEANDYOU/Amateur,0.3606,0.213,0.0625,0.2708,0.3333,0.0196,0.0196,0.6666,0.0392,2.441139241,332,6.291923077,4.059230769,0.608247423,2.132084461,0.010309278,0.072164948
contempAmateur,Whenyouleft/Amateur,0.3803,0.074,0.0185,0.3425,0.1759,0.037,0.074,0.537,0.2222,2.196627907,298.8717949,6.4592,4.1712,0.541284404,1.873107873,0,0.009174312
contempAmateur,"""MAGIC""/Amateur",0.3754,0.1264,0.0095,0.3523,0.3142,0.0588,0.1372,0.6761,0.3529,2.499247312,336.2560976,6.5121875,4.575,0.622641509,1.937349775,0.018867925,0.018867925
contempAmateur,TOGETHER...FOREVER!/Amateur,0.3573,0.2259,0.0319,0.351,0.3617,0.1666,0.0238,0.7446,0.2142,2.614880952,360.7826087,6.260625,4.27125,0.736842105,2.334551874,0.063157895,0
contempAmateur,YOUAREMYEVERYTHING/Amateur,0.3688,0.1183,0.0198,0.3168,0.2079,0.1666,0.1666,0.5445,0.3571,2.603488372,343.2375,6.511111111,4.257037037,0.656862745,1.710978626,0.029411765,0.029411765
contempAmateur,BelieveinMiracles!/Amateur,0.3278,0.3177,0.0263,0.5263,0.4868,0.1025,0,1.0394,0.2564,2.408815789,361.5283019,6.036756757,4.081891892,0.246753247,2.462602332,0.090909091,0.025974026
contempAmateur,ALie/Amateur,0.3868,0.1138,0.0178,0.2946,0.3392,0.0476,0.0476,0.6517,0.1904,2.446020408,316.3707865,5.436,4.280666667,0.575221239,1.944190758,0.017699115,0.017699115
contempAmateur,Iloveyou/Amateur,0.453,0.112,0.0432,0.2962,0.3518,0.0925,0.0185,0.6913,0.1296,2.566811594,339.9090909,6.167555556,4.209333333,0.558282209,1.829242936,0.024539877,0.018404908
contempAmateur,"""It""/Amateur",0.3655,0.204,0.0101,0.3535,0.3535,0.0588,0.0392,0.7171,0.1176,2.540561798,344.8902439,6.6275,4.313125,0.6,1.885647435,0.01,0.04
contempAmateur,Memories/Amateur,0.4592,0.2198,0.0239,0.2934,0.4191,0.0833,0.0333,0.7365,0.15,2.404666667,326.4765625,5.572058824,4.077794118,0.630952381,2.2229788,0.047619048,0.06547619
19thPoet,"GrowingOld,byMatthewArnold/19th",0.5198,0.1321,0.0271,0.2941,0.4977,0.0606,0,0.819,0.0606,2.369035533,306.9454545,5.461694915,4.189830508,0.542986425,2.148416127,0.013574661,0.027149321
19thPoet,"Twenty-First.Night.Monday,byAnnaAkhmatova/19th",0.3327,0.3116,0.0126,0.4936,0.6329,0.0666,0,1.1392,0.0666,2.519090909,333.0555556,5.49952381,4.132380952,0.82278481,2.177271463,0,0.025316456
19thPoet,"AutumnalSonnet,byWilliamAllingham/19th",0.3819,0.2266,0.0733,0.2752,0.5871,0,0.1666,0.9357,0.1666,2.545280899,339.2608696,5.508823529,3.976470588,0.787037037,2.644866601,0.018518519,0.064814815
19thPoet,"TheWindow,byConradAiken/19th",0.5216,0.1258,0.0224,0.408,0.4215,0.049,0.0686,0.852,0.1568,2.816699507,366.0248447,5.930422535,4.009295775,0.473214286,2.074862516,0.035714286,0.022321429
19thPoet,"Sonnet32-Thefirsttimethatthesunroseonthineoath,byElizabethBarrettBrowning/19th",0.4024,0.2229,0.0165,0.2231,0.7851,0.0833,0.1388,1.0247,0.2222,2.476813187,323.1621622,6.016666667,4.018181818,0.735042735,2.149418599,0.025641026,0.034188034
19thPoet,"MyLastDuchess,byRobertBrowning/19th",0.7044,0.2152,0.0218,0.2663,0.5262,0.0617,0.1419,0.8144,0.2037,2.479392265,324.5590278,5.843451327,3.877964602,0.595505618,2.350138656,0.042696629,0.015730337
19thPoet,"MyEarlierLife,byCharlesBaudelaire/19th",0.395,0.2305,0.0341,0.4957,0.3846,0.0555,0.0555,0.9145,0.1388,2.356170213,300.8955224,5.926129032,4.107741935,0.728813559,2.762828038,0.008474576,0.025423729
19thPoet,"TheSouthCountry,byHilaireBelloc/19th",0.6659,0.1186,0.0174,0.3482,0.4776,0.0402,0.1091,0.8432,0.1666,2.596532951,334.8778878,5.997857143,3.850952381,0.473815461,2.028715598,0.047381546,0.02244389
19thPoet,"TheGeneralPublic,byStephenVincentBenet/19th",0.6262,0.2155,0.0491,0.2745,0.4797,0.0975,0.0081,0.8034,0.1056,2.705244755,353.2242152,5.626344086,3.880860215,0.598853868,2.476760975,0.028653295,0.011461318
19thPoet,"EpitaphForARomanticWoman,byLouiseBogan/19th",0.2615,0.3137,0.02,0.3,0.56,0.1666,0.1111,0.88,0.2777,2.703421053,377.7142857,5.881666667,4.614166667,0.826923077,2.226553546,0.019230769,0
19thPoet,"Victory,byRupertBrooke/19th",0.3704,0.4012,0.0686,0.3725,0.647,0.0277,0.1111,1.0882,0.1388,2.496823529,344.9661017,5.371176471,4.143235294,0.777777778,2.472077214,0.02020202,0.01010101
19thPoet,"INeverLovedYouMore,byBertoltBrecht/19th",0.3688,0.2032,0.0198,0.396,0.4356,0.0333,0,0.8514,0.0666,2.734074074,363.6567164,6.1448,3.95,0.588235294,2.062035822,0,0.049019608
19thPoet,"Stanza,byEmilyBronte/19th",0.4419,0.3112,0.0326,0.3856,0.5228,0.0185,0.1481,0.9411,0.2222,2.475967742,321.2277228,5.807391304,4.117173913,0.756578947,2.340436066,0.006578947,0.026315789
19thPoet,"TheMissionary,byCharlotteBronte/19th",0.9026,0.2254,0.0419,0.3372,0.6608,0.0828,0.1082,1.0399,0.1932,2.566459854,337.7583466,5.471311475,4.224480874,0.547972305,2.4466616,0.039564787,0.035608309
19thPoet,"Dora,byThomasEdwardBrown/19th",0.3573,0.1087,0,0.2021,0.5531,0,0.1944,0.7553,0.1944,2.662470588,358.0441176,5.723214286,4.147142857,0.684210526,2.385827369,0.021052632,0
19thPoet,"MyFeet,byGelettBurgess/19th",0.145,0.12,0,0.0833,0.3333,0,0,0.4166,0,3.238181818,366.2,5.79,3.96,0.8,1.927165825,0,0.04
19thPoet,"TheStranger,byAleksandrBlok/19th",0.6191,0.3097,0.0178,0.4345,0.5982,0.0733,0.0533,1.0505,0.1333,2.689233577,345.4271357,5.733157895,4.047157895,0.632047478,2.526682951,0.047477745,0.035608309
19thPoet,"Whileyetwewaitforspring,andfromthedry,byRobertSeymourBridges/19th",0.3819,0.3121,0.0275,0.3211,0.5504,0.1666,0.25,0.899,0.4166,2.609431818,319.7164179,5.780909091,3.806363636,0.770642202,2.726946029,0.036697248,0.027522936
19thPoet,"TheCaptiveDove,byAnneBronte/19th",0.4703,0.2218,0.0227,0.284,0.625,0.0769,0.1538,0.9318,0.282,2.656518987,358.3469388,5.59,4.070434783,0.696629213,3.103173731,0.04494382,0.016853933
19thPoet,"TheYoungthatDiedinBeauty,byWilliamBarnes/19th",0.5567,0.2304,0.0305,0.2748,0.3396,0.035,0.0614,0.645,0.1052,2.657987805,339.6643357,5.977014925,4.119850746,0.607003891,2.305392064,0.011673152,0.050583658
19thPoet,"TheHouseThatWas,byLaurenceBinyon/19th",0.4098,0.3135,0.0393,0.3464,0.5905,0.0714,0.1428,0.9763,0.2142,2.650412371,329.5538462,5.64,3.879642857,0.76,2.678166699,0.016,0.008
19thPoet,"AtVariance,byEllisParkerButler/19th",0.2269,0.1238,0.0487,0.2439,0.5121,0.1666,0.3333,0.8048,0.5,2.580588235,314.2666667,6.295555556,3.847777778,0.761904762,2.108369665,0.023809524,0.023809524
19thPoet,"Punctuality,byLewisCarroll/19th",0.4185,0.2153,0.0671,0.2985,0.5074,0.1884,0.1739,0.8731,0.4202,2.357913043,316.25,5.901666667,3.660416667,0.71969697,2.221201586,0.03030303,0.060606061
19thPoet,"Inthenight,byStephenCrane/19th",0.4506,0.2153,0.0312,0.4187,0.425,0,0,0.875,0.0434,2.494961832,356.5,5.753793103,3.972413793,0.512345679,2.509826378,0.012345679,0.067901235
19thPoet,"Independence,byAleisterCrowley/19th",0.4938,0.1136,0.0256,0.4205,0.6205,0,0.1754,1.0666,0.1754,2.512011494,307.1632653,5.935319149,4.20893617,0.472081218,1.972789442,0,0.035532995
19thPoet,"ToMemory,byMaryElizabethColeridge/19th",0.3327,0.1241,0.0379,0.2911,0.443,0,0.1666,0.7721,0.1666,2.417727273,335.3023256,5.593076923,4.445769231,0.782051282,2.641476458,0.038461538,0.012820513
19thPoet,"TheVisible,TheUntrue,byHartCrane/19th",0.4037,0.3056,0.0245,0.4508,0.5,0.0317,0.0158,0.9754,0.0476,2.486320755,314.4878049,5.530487805,4.072926829,0.682926829,2.652943114,0.024390244,0.024390244
19thPoet,"WithWhomisnoVariableness,NeitherShadowofTurning,byArthurHughClough/19th",0.2192,0.1233,0.0512,0.1282,0.5128,0.0833,0.1666,0.6923,0.25,2.196428571,294.6666667,5.215454545,4.054545455,0.75,1.925763664,0.05,0.075
19thPoet,"WhoGoesHome?,byG.K.Chesterton/19th",0.3606,0.1285,0.0312,0.2812,0.6041,0,0.3333,0.9166,0.5333,2.751348315,344.5285714,5.618,4.283,0.618556701,2.012772313,0.030927835,0.010309278
19thPoet,"SinceNineO'Clock,byConstantineP.Cavafy/19th",0.4246,0.2252,0.0359,0.41,0.5755,0,0,1.0215,0.035,2.618760331,343.7346939,5.505813953,4.061162791,0.602836879,2.233605244,0.007092199,0.063829787
19thPoet,"TheHeartofNight,byBlissCarman/19th",0.3754,0.2037,0.019,0.2857,0.5809,0.1296,0.1666,0.8857,0.2962,2.392553191,336.8536585,6.091388889,4.228611111,0.730769231,2.182397203,0.019230769,0.038461538
19thPoet,"IdiedforBeauty--butwasscarce,byEmilyDickinson/19th",0.3147,0.1314,0.0588,0.2647,0.5,0.0333,0,0.8235,0.0333,2.523076923,318.097561,5.940769231,3.709230769,0.62962963,2.090818009,0.012345679,0.061728395
19thPoet,"Douglass,byPaulLaurenceDunbar/19th",0.3868,0.2206,0.0267,0.4107,0.5089,0,0.25,0.9464,0.25,2.396597938,321.0857143,5.506774194,4.483870968,0.72972973,2.711768426,0.018018018,0
19thPoet,"PearTree,byHildaDoolittle/19th",0.3065,0.2281,0.0317,0.1746,0.4444,0.0238,0,0.6507,0.0714,3.151964286,394.9772727,6.2725,3.865,0.746031746,2.371089963,0.063492063,0.047619048
19thPoet,"Departure,byHenryVanDyke/19th",0.4222,0.0776,0.0291,0.2408,0.3357,0.0476,0.1666,0.6058,0.238,2.642272727,332.8947368,6.01025,4.111,0.601449275,1.995711683,0.02173913,0.007246377
19thPoet,"Money,byWilliamHenryDavies/19th",0.432,0.1068,0.0413,0.1172,0.5103,0.074,0.074,0.6689,0.1666,2.611639344,356.635514,5.979574468,4.596595745,0.657534247,1.9896157,0.061643836,0.02739726
19thPoet,"SongofaTrain,byJohnDavidson/19th",0.4728,0.2216,0.0337,0.3089,0.8426,0.0694,0.125,1.1853,0.1944,2.67537931,339.2931034,5.5955,4.093833333,0.651933702,2.565482492,0.022099448,0.016574586
19thPoet,"SkySong,byRobertDesnos/19th",0.377,0.218,0.0188,0.3962,0.3396,0.125,0,0.7547,0.125,2.893033708,356.0921053,6.219615385,4.308846154,0.41509434,2.337139652,0.047169811,0
19thPoet,"SpringThunder,byMarkvanDoren/19th",0.2884,0.2022,0,0.5263,0.3859,0.0333,0.1666,0.9122,0.1999,2.706538462,347.4791667,6.035,3.973333333,0.796610169,1.816190528,0.050847458,0.033898305
19thPoet,"TheMoonMaiden'sSong,byErnestDowson/19th",0.3295,0.2162,0.0129,0.1948,0.5584,0.1428,0.0714,0.7662,0.2142,2.912173913,410.5,6.256451613,3.810967742,0.649350649,2.394876492,0.025974026,0.103896104
19thPoet,"PortraitofaLady,byT.S.Eliot/19th",0.8866,0.2176,0.0293,0.3525,0.5089,0.0775,0.1111,0.8908,0.2015,2.532493639,324.1993865,5.83442029,3.90807971,0.464550265,2.203513614,0.039153439,0.035978836
19thPoet,"OdeToBeauty,byRalphWaldoEmerson/19th",0.7283,0.2205,0.0296,0.3577,0.579,0.0962,0.103,0.9664,0.1993,2.505454545,327.7352941,5.919194631,4.303959732,0.614770459,2.523804155,0.03992016,0.021956088
19thPoet,"OtherChildren,byPaulEluard/19th",0.2923,0.2056,0.0344,0.4655,0.6379,0.0666,0,1.1379,0.0666,2.603703704,359.4680851,5.935,4.132307692,0.728813559,2.097876785,0.084745763,0.050847458
19thPoet,"HenrytheSeventh,byMarriottEdgar/19th",0.7517,0.2021,0.0289,0.3273,0.5189,0.0571,0.0666,0.8752,0.1333,2.490483516,316.8106667,5.695461538,4.046,0.498181818,2.179508156,0.023636364,0.016363636
19thPoet,"DustofSnow,byRobertFrost/19th",0.19,0.0725,0.0303,0.3636,0.3333,0,0.1666,0.7272,0.1666,2.783548387,355.3636364,5.584545455,3.781818182,0.823529412,2.020832272,0.088235294,0.029411765
19thPoet,"AValentine,byEugeneField/19th",0.4296,0.205,0.0069,0.2937,0.4335,0.0757,0.1515,0.7342,0.2272,2.661653543,346.6179775,6.089512195,4.285853659,0.547297297,2.223584672,0.02027027,0
19thPoet,"OnGiving,byRobertGraves/19th",0.3147,0.3033,0.0147,0.4558,0.2941,0.0333,0,0.7647,0.3666,2.42,314.9803922,6.1025,4.76875,0.594202899,1.913275631,0,0.014492754
19thPoet,OSingerinBrownbyDameMaryGilmore/19th,0.2884,0.0693,0,0.1578,0.3333,0.1333,0,0.4912,0.2,3.179722222,416.6666667,5.916818182,4.017272727,0.517241379,2.865684952,0.103448276,0
19thPoet,"ABrokenAppointment,byThomasHardy/19th",0.3934,0.1253,0.0344,0.3362,0.6465,0,0.119,1.0172,0.119,2.481730769,328.8505747,6.006363636,3.831818182,0.72173913,2.023695427,0.008695652,0.026086957
19thPoet,"PiedBeauty,byGerardManleyHopkins/19th",0.3295,0.4162,0.0909,0.3246,0.6233,0.1111,0.2592,1.0389,0.3703,2.654038462,345.7179487,5.6404,4.2376,0.890410959,2.536380655,0.02739726,0.04109589
19thPoet,"TheBoys,byOliverWendellHolmes/19th",0.6794,0.2075,0.0427,0.3277,0.4228,0.0158,0.1984,0.7933,0.2142,2.598226744,341.7133106,5.824016393,4.151557377,0.575903614,2.265778033,0.021686747,0.028915663
19thPoet,"TheTrueLover,byA.E.Housman/19th",0.527,0.1133,0.0218,0.262,0.4628,0.196,0.1568,0.7467,0.3529,2.700721154,338.423913,5.9645,3.962,0.586956522,2.292657511,0.056521739,0.017391304
19thPoet,"ThePoet,byHermannHesse/19th",0.5189,0.2247,0.0181,0.4909,0.5409,0.0344,0.0114,1.0499,0.0689,2.639851485,339.2848101,5.967179487,4.028846154,0.588235294,2.499491287,0.018099548,0.040723982
19thPoet,"IamtheReaper,byWilliamErnestHenley/19th",0.4049,0.3091,0.0325,0.3333,0.3983,0.0266,0,0.7642,0.0266,2.550927835,336.2463768,5.404166667,4.259444444,0.606557377,2.640037128,0.032786885,0.049180328
19thPoet,"GONE,byHenrikIbsen/19th",0.2615,0.2039,0.04,0.24,0.72,0.1333,0.1,1,0.2666,2.701777778,353.5,6.122142857,4.132142857,0.769230769,2.064668951,0.038461538,0
19thPoet,"GentleLady,DoNotSing,byJamesJoyce/19th",0.2461,0.1262,0.0652,0.413,0.3913,0.0555,0.0555,0.8695,0.2222,2.498333333,366.7,5.9905,4.0825,0.70212766,2.348725934,0.021276596,0.021276596
19thPoet,"ContemplationOfTheSword,byRobinsonJeffers/19th",0.6709,0.3105,0.0244,0.3765,0.6992,0.0884,0,1.1002,0.102,2.512881844,320.6605166,5.283191489,4.617446809,0.542079208,2.172642499,0.061881188,0.032178218
19thPoet,"ACalendarofSonnets:May,byHelenHuntJackson/19th",0.3967,0.2067,0.0932,0.3305,0.5,0,0.25,0.9237,0.25,2.427378641,329.2142857,6.220285714,4.132857143,0.745762712,2.35301531,0.016949153,0.042372881
19thPoet,"TheBalladoftheKing'sJest,byRudyardKipling/19th",0.8894,0.1323,0.028,0.3416,0.46,0.0683,0.1225,0.8296,0.1994,2.534725,326.9305556,5.611714286,4.13044898,0.440713536,2.258313053,0.029380902,0.025183631
19thPoet,"Wealth,byJoyceKilmer/19th",0.3557,0.2177,0,0.3763,0.4086,0.0303,0.1818,0.7849,0.2121,2.439871795,317.7619048,5.877241379,4.145517241,0.808510638,2.557233777,0.031914894,0.010638298
19thPoet,"OdetotheNortheastWind,byCharlesKingsley/19th",0.5819,0.3088,0.0379,0.2689,0.4965,0.0353,0.0858,0.8034,0.1262,2.808232759,352.2155689,5.474271845,3.972135922,0.65625,2.736319567,0.03125,0.024305556
19thPoet,"AnAprilDay,byHenryWadsworthLongfellow/19th",0.509,0.3044,0.043,0.3779,0.7129,0.0555,0.1555,1.1339,0.2111,2.639819277,348.9635037,6.306031746,3.937936508,0.668292683,2.56541823,0.043902439,0.014634146
19thPoet,"TheFaithlessWife,byFedericoGarciaLorca/19th",0.5756,0.2039,0.0212,0.3922,0.5265,0.132,0.0062,0.9399,0.1509,2.71248927,346.2918919,5.98703125,4.01125,0.555160142,2.327738572,0.028469751,0.014234875
19thPoet,"IntheStreet,byHenryLawson/19th",0.5792,0.2062,0.0243,0.4146,0.554,0,0.0952,0.993,0.1071,2.434747082,319.2533937,5.385128205,4.412820513,0.513793103,2.150918514,0.020689655,0.024137931
19thPoet,"Science-fictionCradlesong,byC.S.Lewis/19th",0.4246,0.1309,0.0647,0.2805,0.6546,0.0151,0.1818,1,0.1969,2.711048387,358.2336449,5.846222222,3.830888889,0.68115942,2.047497128,0.050724638,0.014492754
19thPoet,"ThePobbleWhoHasNoToes,byEdwardLear/19th",0.6163,0.2172,0.0602,0.3072,0.506,0.0217,0.1231,0.8734,0.1666,2.663763838,339.25,6.011290323,3.704193548,0.5,2.229826379,0.021084337,0.012048193
19thPoet,"Patterns,byAmyLowell/19th",0.8008,0.2079,0.023,0.3634,0.4923,0.0716,0.0685,0.8788,0.1557,2.71646098,337.1762014,5.954114286,3.951257143,0.417310665,2.282356358,0.023183926,0.021638331
19thPoet,"Butterfly,byDavidHerbertLawrence/19th",0.4234,0.2206,0.0144,0.3478,0.5289,0.0757,0.0151,0.8913,0.1212,2.973644068,351.9387755,6.162,3.6764,0.526315789,2.272358477,0.07518797,0.007518797
19thPoet,"TheDandelion,byVachelLindsay/19th",0.3163,0.2161,0.0289,0.2173,0.3768,0.0666,0.0666,0.6231,0.1666,2.672727273,342.3255814,5.908461538,4.198846154,0.850746269,2.197918651,0.014925373,0.044776119
19thPoet,"FromOneAugurtoAnother,byEmmaLazarus/19th",0.3803,0.3064,0.0185,0.2407,0.3888,0.1388,0.1388,0.6481,0.2777,2.513125,324.7936508,6.394444444,3.716296296,0.719626168,2.350964846,0.056074766,0.009345794
19thPoet,"ASongOfEternityInTime,bySidneyLanier/19th",0.3852,0.2142,0.027,0.3783,0.5585,0.0476,0.238,0.9639,0.2857,2.670306122,352.173913,5.64625,4.4703125,0.747747748,2.649838816,0.027027027,0.018018018
19thPoet,"AReminiscence,byAmyLevy/19th",0.3311,0.2033,0,0.2564,0.3333,0,0.1666,0.5897,0.1666,2.497692308,330.6666667,5.741578947,4.274736842,0.782051282,2.647442071,0.064102564,0.012820513
19thPoet,"Baptism,byClaudeMcKay/19th",0.3786,0.2092,0.0747,0.3177,0.5887,0.0277,0.25,0.9813,0.2777,2.721704545,350.942029,5.427317073,4.315365854,0.719626168,2.682799821,0.056074766,0.018691589
19thPoet,"AtEase,byWalterdelaMare/19th",0.3245,0.1226,0.0135,0.3918,0.6621,0.2,0.0333,1.0675,0.2333,2.368591549,313.5862069,5.628076923,3.975384615,0.727272727,2.159143816,0,0.038961039
19thPoet,"ApostropheToMan,byEdnaSt.VincentMillay/19th",0.3639,0.4276,0.0306,0.3367,0.653,0.0625,0,1.0204,0.0625,2.743333333,352.34,5.201395349,4.300697674,0.797979798,2.715911039,0.02020202,0.02020202
19thPoet,"TheMorningWalk,byA.A.Milne/19th",0.273,0.1209,0.0377,0.1509,0.4339,0.1111,0.1111,0.6226,0.2777,2.516097561,310.25,6.015384615,4.031538462,0.754716981,1.989760443,0.056603774,0
19thPoet,"ABalladofJohnSilver,byJohnMasefield/19th",0.5783,0.2183,0.0244,0.3776,0.5769,0.1304,0.1739,0.979,0.3188,2.491288889,314.265896,5.663090909,4.116363636,0.602150538,2.326151614,0.025089606,0
19thPoet,"RobertFultonTanner,byEdgarLeeMasters/19th",0.4493,0.2004,0.0251,0.2955,0.4088,0.0666,0,0.7295,0.0833,2.731478873,336.2300885,5.394259259,4.48537037,0.66875,2.284833788,0.04375,0.025
19thPoet,"ButterflyLaughter,byKatherineMansfield/19th",0.3377,0.2297,0.0487,0.4146,0.6097,0.0303,0,1.0731,0.0606,2.755733333,337.5806452,6.465185185,4.028518519,0.674698795,2.035626932,0.024096386,0.036144578
19thPoet,"NearAvalon,byWilliamMorris/19th",0.3639,0.303,0.0204,0.3061,0.6224,0.0952,0.2857,0.9489,0.4047,2.799240506,363.5967742,5.704444444,3.75962963,0.680412371,2.385479614,0.113402062,0.010309278
19thPoet,"Quebec,byJohnMcCrae/19th",0.3032,0.2258,0.0163,0.377,0.3606,0.0555,0.1111,0.754,0.1666,2.611538462,355.4186047,5.817083333,4.457916667,0.75,2.802482212,0.03125,0
19thPoet,"AnAddresstoShakespeare,byWilliamTopazMcGonagall/19th",0.6212,0.2286,0.0088,0.4306,0.5014,0.3333,0.1397,0.941,0.5376,2.394948454,320.684874,5.853366337,4.121584158,0.563421829,2.475182796,0.02359882,0.014749263
19thPoet,"ModernLoveXLV:ItIstheSeason,byGeorgeMeredith/19th",0.4111,0.2118,0.0156,0.375,0.3984,0.0952,0.1428,0.789,0.238,2.702075472,353.7586207,5.8535,4.0655,0.700787402,2.426305446,0.047244094,0.039370079
19thPoet,"AtNightfall,byLucyMaudMontgomery/19th",0.5135,0.2018,0.0233,0.257,0.5186,0.0757,0.0909,0.799,0.1969,2.469572193,318,5.877457627,3.857627119,0.576744186,2.502460965,0.004651163,0.023255814
19thPoet,"CradleSong,bySarojiniNaidu/19th",0.318,0.2328,0.0714,0.2857,0.5428,0,0.1666,0.8999,0.1666,2.902115385,379.35,6.5168,4.0164,0.686567164,2.58335939,0.059701493,0
19thPoet,"Exposure,byWilfredOwen/19th",0.6191,0.3182,0.0476,0.4017,0.6071,0.0666,0,1.0565,0.1,2.671240602,340.9898477,5.420638298,4.068617021,0.690690691,2.622167363,0.027027027,0.018018018
19thPoet,"TheCityInTheSea,byEdgarAllanPoe/19th",0.6085,0.306,0.0373,0.4112,0.5358,0.0522,0.1633,0.9844,0.2418,2.44541502,315.2142857,5.423648649,3.928108108,0.612698413,2.537419074,0.015873016,0.012698413
19thPoet,"AFairlySadTale,byDorothyParker/19th",0.4456,0.2008,0.0128,0.3076,0.4871,0.0909,0.0909,0.8076,0.1969,2.42023622,319.4368932,5.98547619,4.364761905,0.698717949,2.434176678,0.032051282,0.025641026
19thPoet,"TheNeedle,byEzraPound/19th",0.3868,0.1309,0.0178,0.3125,0.4553,0,0.0769,0.7857,0.1025,2.539134615,332.9222222,5.515128205,4.081538462,0.716814159,2.195912603,0.07079646,0.061946903
19thPoet,"Camouflage,byAndrewBartonPaterson/19th",0.5288,0.2031,0.0389,0.2987,0.4502,0.0185,0.1481,0.7878,0.1666,2.713282051,326.3687943,5.303125,3.90609375,0.584745763,2.299946565,0.050847458,0.008474576
19thPoet,"WhatWouldIGive,byChristinaRossetti/19th",0.3754,0.1163,0.0666,0.1333,0.5333,0.0952,0.0952,0.7333,0.1904,2.438539326,319.8815789,5.742,4.087428571,0.638095238,1.984476502,0.038095238,0
19thPoet,"Rememberance,byRainerMariaRilke/19th",0.3672,0.2178,0.01,0.35,0.54,0.0555,0,0.9,0.0833,2.490777778,306.9444444,5.896666667,3.994074074,0.643564356,2.47718873,0.04950495,0.03960396
19thPoet,"Karma,byEdwinArlingtonRobinson/19th",0.3803,0.2055,0.0648,0.3518,0.4259,0.1388,0.1944,0.8425,0.3333,2.454105263,319.76,5.911904762,4.40952381,0.660550459,2.157020023,0.027522936,0.018348624
19thPoet,"Frolic,byGeorgeWilliamRussell/19th",0.3245,0.2275,0.054,0.5,0.4189,0.0333,0.1,0.9729,0.1333,2.432063492,318.0980392,6.624444444,4.173333333,0.662162162,2.378070516,0,0.013513514
19thPoet,"Chicago,byCarlSandburg/19th",0.5774,0.2265,0.0315,0.4561,0.4245,0.0967,0,0.9122,0.0967,2.79192,337.2402235,5.264158416,4.419405941,0.561403509,2.405825783,0.021052632,0.010526316
19thPoet,"TheSnowMan,byWallaceStevens/19th",0.3786,0.1302,0.0093,0.4579,0.5514,0.1282,0,1.0186,0.1538,2.4085,312.9642857,5.803793103,3.9,0.542056075,2.001957397,0.009345794,0.037383178
19thPoet,"TheMermaid,byLordAlfredTennyson/19th",0.6652,0.125,0.0224,0.2892,0.4488,0.0595,0.1666,0.7605,0.2857,2.608274854,326.9422383,6.005078125,3.856875,0.439393939,2.000550296,0.025252525,0.01010101
19thPoet,"Tears,byWaltWhitman/19th",0.3967,0.3215,0.1016,0.3728,0.6864,0.2121,0,1.161,0.2424,2.778876404,359.2238806,5.579428571,3.992,0.655462185,2.395147241,0.016806723,0.042016807
19thPoet,"TheGreatFigure,byWilliamCarlosWilliams/19th",0.1699,0.2244,0,0.3448,0.4137,0.0303,0,0.7586,0.0303,3.069583333,380.1875,5.05125,4.7525,0.903225806,2.466524147,0.064516129,0
19thPoet,"APrayerForMyDaughter,byWilliamButlerYeats/19th",0.7557,0.3029,0.0338,0.4064,0.59,0.0769,0.0982,1.0303,0.1752,2.43012605,330.1794195,5.786703911,4.238435754,0.541818182,2.450135583,0.036363636,0.041818182